Timestamp,Heading,Users,hashtag,Follower_count
19-11-2020 15:50,D-DAY @BTS_twt #BEisComing',btsarmycalaca',['BEisComing'],249
19-11-2020 15:50,MY TEAR DUCTS AND EAR DRUMS ARE READY KINGS #BETODAY #BEisComing  @BTS_twt',honeybearvante',"['BETODAY', 'BEisComing']",560
19-11-2020 15:50,#BEisComing  #BETODAY      OMG YESSS please',arxhisha2020',"['BEisComing', 'BETODAY']",0
19-11-2020 15:50,SOULMATES UNIT SOPE VMIN  #BEisComing  @BTS_twt https://t.co/mdaAVFr3Ki',forever_purple7',['BEisComing'],421
19-11-2020 15:50,alternative hip hop and acoustic is my ultimate vibe \xf0\x9f\x98\xad\xf0\x9f\x92\x9c #BEisComing https://t.co/TGooYBSnhK',jil1013',['BEisComing'],183
19-11-2020 15:50,"""Fly to My Room"" is a unit track featuring SUGA, j-hope, Jimin and V \xe2\x80\x9cBlue &amp; Grey\xe2\x80\x9d is a guitar-filled pop ballad  \xe2\x80\x9cTelepathy\xe2\x80\x9d is ""filled with funky rhythm""  \xe2\x80\x9cDis-ease\xe2\x80\x9d is old school hip-hop \xe2\x80\x9cStay\xe2\x80\x9d is RM, Jin, &amp; JK\xe2\x80\x99s unit track  GASABARRR YA TUHAN \xf0\x9f\x98\xad\xf0\x9f\x98\xad\xf0\x9f\x98\xad\xf0\x9f\x98\xad  @BTS_twt #BEisComing'",taetaevbo',['BEisComing'],821
19-11-2020 15:50,STAY NAMJINKOOK YALL #BetoDay #BEisComing @BTS_twt https://t.co/eUwr0xHx8O',jkkei',"['BetoDay', 'BEisComing']",116
19-11-2020 15:50,"""My Joy My Sun I love You I'm too excited to end the year in the most beautiful way Thank you L-ARMY \xf0\x9f\x87\xbb\xf0\x9f\x87\xaa \xf0\x9f\x98\x98@BTS_twt  @bts_bighit #BTS  #\xeb\xb0\xa9\xed\x83\x84\xec\x86\x8c\xeb\x85\x84\xeb\x8b\xa8 #BTS_BE #bts\xf0\x93\x82\xb8 #BTSARMY #BTSMusicInnovator #be #BEisComing https://t.co/Etf6Mck4nI""",Vminjina7',"['BTS', 'ë°©íƒ„ì†Œë…„ë‹¨', 'BTS_BE', 'btsð“‚¸', 'BTSARMY', 'BTSMusicInnovator', 'be', 'BEisComing']",7
19-11-2020 15:50,"""It's #BTS_BE D-Day! #BTS_BEisCOMING #\xeb\xb0\xa9\xed\x83\x84\xec\x86\x8c\xeb\x85\x84\xeb\x8b\xa8 #BEisComing""",vanillalattaee',"['BTS_BE', 'BTS_BEisCOMING', 'ë°©íƒ„ì†Œë…„ë‹¨', 'BEisComing']",423
19-11-2020 15:50,"spread this, ami &lt;3 #BETODAY #BEisComing https://t.co/CcoFlGSEEE'",jeonberies',"['BETODAY', 'BEisComing']",2761
19-11-2020 15:50,party at my backyard today #BETODAY #BEisComing @BTS_twt https://t.co/rGcERgLGgl',pattaessi',"['BETODAY', 'BEisComing']",2718
19-11-2020 15:50,Today is D-DAY #BEisComing',nueyr_',['BEisComing'],197
19-11-2020 15:50,Eu    \xf0\x9f\xa4\x9d    Worldwide Handsome .                \xe2\x98\x85     .           *    *    .      *.          *    .   \xe2\x98\x84  .        \xe2\x98\x85     .      *       \xe2\x80\xa2     .    .                \xe2\x98\x85     .           *          *    .      *.          *    .   \xe2\x98\x84     #BEselcaDay #BEisComing https://t.co/7MGR54Kfp2',purple_y00n',"['BEselcaDay', 'BEisComing']",11
19-11-2020 15:50,"""Fly to My Room"" is SoPeVMin   and when yoongi raps plus jimin sings and hobi raps plus taehyung sings= killing me by their harmonizations.  #BTS_BE #BETODAY #BEisComing @BTS_twt'",Vlust_',"['BTS_BE', 'BETODAY', 'BEisComing']",3603
19-11-2020 15:50,JHS as KTH \xe2\x9d\xa5\xcb\x99  #BEselcaDay #BEisComing @BTS_twt https://t.co/6jdKzH7btG',parkgcfjk',"['BEselcaDay', 'BEisComing']",3154
19-11-2020 15:50,"\xe2\x80\x9cYou know  We were always meant to be, destiny\xe2\x80\x9d                  ( Kim Namjoon - Trivia: Love )   [#BEselcaDay #BEisComing @BTS_twt ] https://t.co/n9UcrnHIZ4'",sarangjjk1',"['BEselcaDay', 'BEisComing']",1755
19-11-2020 15:50,#ArmyBts + #BTSARMY I Purple You.  #BEisComing  #Be #BTS_BE #LifeGoesOn #LifeGoesONisComing #LifeGoesOnTeaser2  #LifeGoesOnTeaser1 https://t.co/0Pjop0iLnk',DollyBTSBros',"['ArmyBts', 'BTSARMY', 'BEisComing', 'Be', 'BTS_BE', 'LifeGoesOn', 'LifeGoesONisComing', 'LifeGoesOnTeaser2', 'LifeGoesOnTeaser1']",180
19-11-2020 15:50,"How did we get lucky enough to have this team of artists who so purely love us and involve us in their craft, their life, their minds, and their hearts? HOW @BTS_twt #BEisComing'",iluvpandaxpress',['BEisComing'],2169
19-11-2020 15:50,Ami when BTS comeback:)  #BEisComing #BTS_BE #1DaysBEforeBE #LifeGoesOn https://t.co/GJxL5Xa9Yf',LBoChn2',"['BEisComing', 'BTS_BE', '1DaysBEforeBE', 'LifeGoesOn']",434
19-11-2020 15:50,"""Finally!!! It's D-DAY!!!!!!! \xf0\x9f\x98\x8d\xf0\x9f\x98\x8d\xf0\x9f\x98\x8d\xf0\x9f\x98\x8d\xf0\x9f\x98\x8d\xf0\x9f\x98\x8d\xf0\x9f\x98\x8d\xf0\x9f\xa5\xb3\xf0\x9f\xa5\xb3\xf0\x9f\xa5\xb3\xf0\x9f\xa5\xb3 IT'S BE DAY!! CAUSE BE IS OUT TODAY!!! #BEisComing #BETODAY \xf0\x9f\x92\x9c\xf0\x9f\x92\x9c\xf0\x9f\x92\x9c""",NayelaS_BTS',"['BEisComing', 'BETODAY']",131
19-11-2020 15:50,#BEisComing D-Day \xf0\x9f\xa5\xb3',archiiveKTH',['BEisComing'],4
19-11-2020 15:50,@mygtrivias ARMY WORLDWIDE READY FOR BE  #BETODAY #BEisComing #\xeb\xb0\xa9\xed\x83\x84\xec\x86\x8c\xeb\x85\x84\xeb\x8b\xa8  @BTS_twt @bts_bighit https://t.co/QeDq93OUgf',Lajib0_lala',"['BETODAY', 'BEisComing', 'ë°©íƒ„ì†Œë…„ë‹¨']",273
19-11-2020 15:50,"The songs details alone already gave me goosebumps so HOW AM I GONNA STAY SANE TOMORROW?! I mean, later. #BETODAY #BEisComing @BTS_twt'",mochinis',"['BETODAY', 'BEisComing']",405
19-11-2020 15:50,"""O M G! I'm starting to get nervous !  I love this feeling before comeback .  Hshdhdbdjkdkiv   #LifeGoesOn #BEisComing  #BTS_BE https://t.co/74qmMB9kml""",kbdlxx',"['LifeGoesOn', 'BEisComing', 'BTS_BE']",86
19-11-2020 15:50,Im not ready im not ready im not ready   @BTS_twt #BEisComing   #BETODAY https://t.co/Twi3wLLFNn',97JustGolden',"['BEisComing', 'BETODAY']",431
19-11-2020 15:50,I\xe2\x80\x99m just so happy being an ARMY \xf0\x9f\x92\x9c#BEisComing',zamantha_grace',['BEisComing'],424
19-11-2020 15:50,\xe2\x99\xa1\xcc\xb8 BE \xf0\x9d\x98\xaa\xf0\x9d\x98\xb4 \xf0\x9d\x98\xa4\xf0\x9d\x98\xb0\xf0\x9d\x98\xae\xf0\x9d\x98\xaa\xf0\x9d\x98\xaf\xf0\x9d\x98\xa8 !     #BEselcaDay @BTS_twt  #BEisComing #BEArmy https://t.co/fEiFMZFgk4',vminglitter',"['BEselcaDay', 'BEisComing', 'BEArmy']",4366
19-11-2020 15:50,This subunit!!\xf0\x9f\x98\x8d Most handsome Man in world Kim Taehyung and Sexiest Man in world Jeon Jungkook..... playing with Slime!\xf0\x9f\x98\x82 Omo these babies!!\xf0\x9f\x99\x88\xf0\x9f\x92\x9c\xf0\x9f\x92\x9c\xf0\x9f\x92\x9c  #BEisComing #BEToday #BTS #BTSARMY #RunBtS #Taekook @BTS_twt #BTS_BE #BTS_BEisCOMING https://t.co/Twml6aDpXm',the_infernogirl',"['BEisComing', 'BEToday', 'BTS', 'BTSARMY', 'RunBtS', 'Taekook', 'BTS_BE', 'BTS_BEisCOMING']",74
19-11-2020 15:50,Fly To My Room is going to be fire. Just watch. You can\xe2\x80\x99t have sope and vmin on one track and it not be the best song in the world.  BE OUT TONIGHT . #BEisComing',btsdoesitbetter',['BEisComing'],15
19-11-2020 15:50,AND WE WILL BE LISTENING #BEisComing',hitmakerbts',['BEisComing'],70
19-11-2020 15:50,less than 24 hours #BEisComing',nueyr_',['BEisComing'],197
19-11-2020 15:50,Omg Im more exicted rn! 13 hrs left!!! #BEisComing',_Eunyi_',['BEisComing'],40
19-11-2020 15:50,BE official press release sopevmin namjinkook Skit  Excuse me while I take a moment to process.  #BEISCOMING #BETODAY #BTS_BE  @BTS_twt https://t.co/RfcyDV00Ps',bangbangbonz',"['BEISCOMING', 'BETODAY', 'BTS_BE']",462
19-11-2020 15:50,So exciteddddd   \xe2\x80\x9cBlue &amp; Grey\xe2\x80\x9d is a guitar-filled pop ballad     #BEisComing #BETODAY #BTS_BE   https://t.co/vWYXsVmHBI',ihappyxx',"['BEisComing', 'BETODAY', 'BTS_BE']",131
19-11-2020 15:50,Sope deep rap and Vmin delicate voices I am not ready  #BETODAY #BEisComing',alicalicocat',"['BETODAY', 'BEisComing']",4
19-11-2020 15:50,"""I feel this way every new BTS album, but THIS album is going to feel completely different! I can't wait! #BEisComing #BTS_BE @BTS_twt https://t.co/WIEakc62Go""",tsc0130',"['BEisComing', 'BTS_BE']",358
19-11-2020 15:50,i\xe2\x80\x99m so fucking pumped i can\xe2\x80\x99t continue this any longer just drop the fucking album yeah #BEisComing',bossibal',['BEisComing'],6
19-11-2020 15:50,BE IS COMING       BE IS COMING BE                  BE   BE  BE                   BE  BE BE                  BE   BE BE IS COMING       BE IS COMING BE                  BE   BE BE                   BE  BE BE                  BE   BE  BE IS COMING       BE IS COMING #BEisComing https://t.co/Siegj6GK9c',_Vanteblog',['BEisComing'],469
19-11-2020 15:50,"Subunidades \xf0\x9f\x92\x9c  ""FLY TO MY ROOM""   (Suga , J-Hope , Jimin , V)  ""STAY""  (Jin , Jungkook , RM)  #BTS_BE #BEtoday #BEisComing   #LifeGoesOn  @BTS_twt https://t.co/jxH2oq5CxD'",stephany_bts7',"['BTS_BE', 'BEtoday', 'BEisComing', 'LifeGoesOn']",815
19-11-2020 15:50,must read! #BEisComing #BETODAY @BTS_twt https://t.co/FVvsIsoT8f',gel_lyaceeeeey',"['BEisComing', 'BETODAY']",277
19-11-2020 15:50,"""I'm gonna cry in a few hours \xf0\x9f\x98\xa5\xf0\x9f\x98\xad #BEisComing #D_DAY https://t.co/wkLMZfyzo5""",SeVenTinaaaa',"['BEisComing', 'D_DAY']",160
19-11-2020 15:50,"#JHOPE /HOBI DEAR ONE just know #BTSARMY ARE HERE FOR YOU &amp; ALL OF OT7 @BTS_twt MR. SUNSHINE THANK,YOU FIR THE POST NO WORRIES WE GOT THIS,OLD MARMY REPORTING FOR DUTY,BUYING&amp; STREAMING on PAID account #BEisComing  #LifeGoesOn #StreamDYNAMITEtoPLATINUM \xf0\x9f\x92\x9c\xf0\x9f\x92\x9c\xf0\x9f\x92\x9c\xf0\x9f\x92\x9c\xf0\x9f\x92\x9c\xf0\x9f\x92\x9c\xf0\x9f\x92\x9c'",MaryArc96171172',"['JHOPE', 'BTSARMY', 'BEisComing', 'LifeGoesOn', 'StreamDYNAMITEtoPLATINUM']",1510
19-11-2020 15:49,YEAAAAHHHH #BEisComing',nueyr_',['BEisComing'],197
19-11-2020 15:49,no wait WAIITT I CANT SEE THRU ALL THIS TEARTSSS\xf0\x9f\x98\xad\xf0\x9f\x98\xad\xf0\x9f\x98\xad\xf0\x9f\x98\xad  #BEisComing @BTS_twt https://t.co/xgN4A1lPXk',colourlessst',['BEisComing'],89
19-11-2020 15:49,IM HAVING SUCH A GREAT DAY AND I LOVE YOU ALL \xf0\x9f\x92\x95 #BEisComing',Teagan00811',['BEisComing'],230
19-11-2020 15:49,"""I'm ready to cry. #LifeGoesONisComing  #BEisComing #BETODAY https://t.co/ey8DaPw1zO""",MsSaxophoneStar',"['LifeGoesONisComing', 'BEisComing', 'BETODAY']",268
19-11-2020 15:49,#BEisComing in less than a day and I can\xe2\x80\x99t sleep bc of excitement\xf0\x9f\xa5\xba',mxrsng_',['BEisComing'],333
19-11-2020 15:49,"""Life goes on, lets live on"" #BEisComing https://t.co/rswi4N0Hfy'",lovedpriya',['BEisComing'],409
19-11-2020 15:49,Oh i thought Blue &amp; grey are sub unit anyway lets love all tae song which he composed and produced  #BEisComing https://t.co/l04St34ZI8',KthBestfriend',['BEisComing'],93
19-11-2020 15:49,Time to sleep #BEisComing #BETODAY',gcfcatalyst_',"['BEisComing', 'BETODAY']",90
19-11-2020 15:49,@iPRODGCF BE TODAY  #BEisComing',Parking_Maru',['BEisComing'],352
19-11-2020 15:49,"\xf0\x9f\x91\x80SOULMATE TRACK.. ""FLY TO MY ROOM"" #BTS_BE #BTS_BEisCOMING #BEisComing #BETODAY https://t.co/M6IxGCcFgq'",gucciTttaaaeee',"['BTS_BE', 'BTS_BEisCOMING', 'BEisComing', 'BETODAY']",295
19-11-2020 15:49,"""Fly to my room"" Suga,JHope,Jimin&amp;V  ""Stay"" RM,Jin&amp;Jungkook #BEisComing  #BETODAY'",SLLW1262',"['BEisComing', 'BETODAY']",623
19-11-2020 15:49,Just realised that this is my 10th @BTS_twt comeback??????? Oh my god  #BEisComing #BETODAY',fallingkookie7',"['BEisComing', 'BETODAY']",1085
19-11-2020 15:49,Fly to my room is definitely the soulmate track\xf0\x9f\x98\x8d\xf0\x9f\x98\x8d #BEisComing',NadiahnNabilah',['BEisComing'],210
19-11-2020 15:49,"Let""s get ready to bless our ears tomorrow fellow amis..let\'s make it the biggest comeback in the history..Don\'t forget to stream.Let\'s get this bread.\xf0\x9f\xa4\x9f\xf0\x9f\x8f\xbb\xf0\x9f\x98\x8d\xf0\x9f\x92\x9c\xf0\x9f\xa4\x97 #BEisComing  #BTS_BE  #BTSV #LifeGoesOn  @BTS_twt https://t.co/1kqCUlZFAI'",anjum81109993',"['BEisComing', 'BTS_BE', 'BTSV', 'LifeGoesOn']",3
19-11-2020 15:49,D-DAY !!!!! #BETODAY #BEisComing @BTS_twt \xf0\x9f\xa4\x8d\xf0\x9f\x99\x8c\xf0\x9f\x8f\xbb https://t.co/DDTgnut5CF',googieby',"['BETODAY', 'BEisComing']",2009
19-11-2020 15:49,Oof. I made this hours before learning about the hashtags. \xf0\x9f\x98\x85\xf0\x9f\xa5\xba  Anyhoo...  #1DayBEforeBE #BEisComing  #BTS_BE #BTS #BTSARMY https://t.co/BNrK97fJNJ',namjoon_nikola',"['1DayBEforeBE', 'BEisComing', 'BTS_BE', 'BTS', 'BTSARMY']",903
19-11-2020 15:49,"""BTS\' new single Life Goes On, a blend of alternative hip-hop and acoustic sounds, offers a message of comfort in the face of disruption""  All I can imagine is... this song\'s gonna be beautiful\xf0\x9f\x98\xad #BEisComing #BETODAY @BTS_twt'",IleIleMalakas',"['BEisComing', 'BETODAY']",463
19-11-2020 15:49,It\xe2\x80\x99s finally my 10th BTS comeback so so excited for BE album to drop in 13 hours  #BEisComing #BTS_BE #BETODAY  Armys on 20th November: https://t.co/eWC2Qk4cAZ',borahaekimV',"['BEisComing', 'BTS_BE', 'BETODAY']",253
19-11-2020 15:49,"""what's happening. why do I suddenly feel like crying #BETODAY #BEisComing @BTS_twt   HAHAHHAHAH""",wintataBEar',"['BETODAY', 'BEisComing']",116
19-11-2020 15:49,Stay is an RM Jin and Jungkook unit?! It\xe2\x80\x99s already killed me - I will not survive  #BETODAY #BEisComing #BE_BTS @BTS_twt https://t.co/dd2ag3gR4k',Kincaid134340',"['BETODAY', 'BEisComing', 'BE_BTS']",730
19-11-2020 15:49,"#BTS_BE #BEisComing  #BETODAY   BTS BE album   Fly To My Room is yoongi,hoseok, jimin &amp; taehyung unit song while Stay is namjoon, jin &amp; jungkook! Blue &amp; Grey a guitar-filled pop ballad, Telepathy filled with funky rhythm &amp; Dis-ease is old school hiphop!!im excited!   \xc2\xa9 lenikacruz'",BTS_download',"['BTS_BE', 'BEisComing', 'BETODAY']",2177
19-11-2020 15:49,BE BE BE BE BE BE BE BE BE BE BE BE BE BE BE BE BE BE BE BE BE BE BE BE BE BE BE BE BE BE BE BE BE BE BE BE BE BE BE BE BE BE BE BE BE BE BE BE BE BE BE BE BE BE BE BE BE BE BE BE BE BE BE BE BE BE BE BE BE BE BE BE BE BE BE BE BE BE BE BE BE BE BE BE BE BE BE BE BE #BEisComing https://t.co/q4ud5k9L9g',btsyellowart',['BEisComing'],209
19-11-2020 15:49,Spring Day 2.0 is coming \xf0\x9f\x98\xad\xf0\x9f\x98\xad\xf0\x9f\x98\xad  #BTS_BE #BETODAY #BEisComing @BTS_twt https://t.co/GnfESLYPTQ',snowdrops_HOPE',"['BTS_BE', 'BETODAY', 'BEisComing']",354
19-11-2020 15:49,we are getting sope and vmin on the same track ...  then namjinkook on another one ... how are we going to handle this\xf0\x9f\x98\xb3 #BETODAY @BTS_twt #BEisComing #BTS_BE https://t.co/sJ8W28QkUW',youresolubly',"['BETODAY', 'BEisComing', 'BTS_BE']",128
19-11-2020 15:49,"""It's already Nov.20 in korea rn. I can't sleep, I'm super duper mega as in excited for the bts comeback can't wait to see them and scream again! Hey my fellow lovely Army's be ready! because KINGS are coming!\xf0\x9f\x92\x9c #BEisComing  #BTS_BE #LifeGoesOn https://t.co/8qS7Cxn4uV""",piscesirishp',"['BEisComing', 'BTS_BE', 'LifeGoesOn']",51
19-11-2020 15:49,D-DAY! #BETODAY #BEisComing',sparktaes',"['BETODAY', 'BEisComing']",2534
19-11-2020 15:49,Please army take your restt now we have something big to face tomorrow. You must all stay healthyyy.  #BETODAY #BEisComing @BTS_twt',taekkoooook',"['BETODAY', 'BEisComing']",17
19-11-2020 15:49,my mind can\xe2\x80\x99t comprehend that #BEisComing in like 13 hours. LIKE ITS TODAY!!!!\xf0\x9f\x99\x83\xf0\x9f\x98\xadbekwodnw',aznmaknae',['BEisComing'],85
19-11-2020 15:49,Spring day will be given a sister today \xf0\x9f\xa5\xba #BEisComing #BETODAY  @BTS_twt',BEsuperiority',"['BEisComing', 'BETODAY']",268
19-11-2020 15:49,We will finally be hearing the whole song of Life Goes On today! \xf0\x9f\x92\x9c   Are you ready army?!   #BTS_BE #LifeGoesOn @BTS_twt #BEisComing https://t.co/U8aJkG6I27',borahaeee_tae',"['BTS_BE', 'LifeGoesOn', 'BEisComing']",2524
19-11-2020 15:49,D-DAY #BEisComing',jaimiecruz__',['BEisComing'],123
19-11-2020 15:49,"""They will bring back some of their old style. I can't wait \xf0\x9f\x98\xb1 #BEisComing  #BEday""",APS_twt',"['BEisComing', 'BEday']",166
19-11-2020 15:49,As units foram reveladas  VHOPEYOONMIN AND NAMJINKOOK MDS PQP SOCORRO  BE BE VAI VIR COM TUDO  #BEisComing https://t.co/uGI53nM2Fa',chaenjee',['BEisComing'],1153
19-11-2020 15:49,"""IT\xe2\x80\x99S D-DAY                      IT'S D-DAY  #BEisComing  #BETODAY https://t.co/4Jj482mRQQ""",ggukscake',"['BEisComing', 'BETODAY']",947
19-11-2020 15:49,FLY TO MY ROOM AND STAY \xf0\x9f\x93\xa3\xf0\x9f\x98\xad ARE THE SUB UNITS   @BTS_twt #BEisComing  #BETODAY https://t.co/QaWxgCuwZm',97JustGolden',"['BEisComing', 'BETODAY']",431
19-11-2020 15:49,D-DAY!!!! #BETODAY!! #BEisComing  @BTS_twt FVCKING EXCITEDDDDDDDDD  I WILL NOT SURVIVE THESE MASTERPIECE SONGSS',btslonnl',"['BETODAY', 'BEisComing']",30
19-11-2020 15:49,staying off twitter the rest of the day because i see the music publication reviews coming in and i want BE to be a complete surprise/fresh experience. enjoy today/tomorrow everyone!!!! #BEisComing @BTS_twt',anisette71',['BEisComing'],23
19-11-2020 15:49,"""I'm gonna give all my love the same and equally to each track and embrace this album in a space of my heart. I will focusing on enjoying listening and stream harder this album to give a thanks as a reward to @BTS_twt for their hard work. #BEisComing #BETODAY""",NurarifahSs',"['BEisComing', 'BETODAY']",28
19-11-2020 15:49,\xf0\x9d\x90\x81\xf0\x9d\x90\x9a\xf0\x9d\x90\xa7\xf0\x9d\x90\xa0\xf0\x9d\x90\xad\xf0\x9d\x90\x9a\xf0\x9d\x90\xa7 \xf0\x9d\x90\x8f\xf0\x9d\x90\xab\xf0\x9d\x90\xa8\xf0\x9d\x90\xae\xf0\x9d\x90\x9d \xf0\x9d\x90\x8e\xf0\x9d\x90\x9f \xf0\x9d\x90\x80\xf0\x9d\x90\xab\xf0\x9d\x90\xa6\xf0\x9d\x90\xb2 #BETODAY #BEisComing',Armywit62261079',"['BETODAY', 'BEisComing']",23
19-11-2020 15:49,"""@amareB7S @BTS_twt What?!! Don't do that to me\xf0\x9f\x99\x82 it will be crazy and so special.. Can it be!?my godd.........  #BEisComing  #BetoDay  #BTS_BE""",miniminyoong7',"['BEisComing', 'BetoDay', 'BTS_BE']",427
19-11-2020 15:49,"""Fly To My Room"" will be a soulmates anthem by the only soulmates that matter SOPE and VMIN \xf0\x9f\x98\xad\xf0\x9f\x98\xad\xf0\x9f\x98\xad  #BETODAY #BEisComing #BTS_BE @BTS_twt  (https://t.co/hQelYmfmWn) https://t.co/LxiS0D7iwi'",tanniesbear',"['BETODAY', 'BEisComing', 'BTS_BE']",220
19-11-2020 15:49,"""I'm not ready for DIS-EASE #BETODAY #BEisComing @BTS_twt https://t.co/VgICF946xr""",jjkugh_',"['BETODAY', 'BEisComing']",1719
19-11-2020 15:49,#BEisComing #BETODAY and we can\xe2\x80\x99t wait!!!!! https://t.co/VcsjHIFerk',luvPATE',"['BEisComing', 'BETODAY']",765
19-11-2020 15:49,you made me believe that life goes on.   #BEselcaDay #BEisComing @BTS_twt https://t.co/0d0wTEo7ak',vcutparis',"['BEselcaDay', 'BEisComing']",1629
19-11-2020 15:49,\xf0\x9f\x94\x81 ARMYS! SPREAD OUR GOALS FOR \xe2\x80\x9cLIFE GOES ON!\xe2\x80\x9d   #BETODAY #BEisComing #LifeGoesOn https://t.co/m6DtuFXiQz',vminggukx',"['BETODAY', 'BEisComing', 'LifeGoesOn']",50830
19-11-2020 15:49,"""Can't wait to hear dis-ease. it's gonna be a bop #BEisComing https://t.co/P0AW4f3zZJ""",BERAMB1',['BEisComing'],2310
19-11-2020 15:49,@BANGTANG0LD BE BE BE BE BE BE BE BE BE BE BE BE BE BE BE BE BE BE BE BE BE BE BE BE BE BE BE BE BE BE BE BE BE BE BE BE BE BE BE BE BE BE BE BE BE BE BE BE BE BE BE BE BE BE BE BE BE BE BE BE BE BE BE BE BE BE BE BE BE BE BE BE BE BE BE BE BE BE BE BE BE BE BE BE BE BE BE BE BE #BEisComing',Geovana_Ot7',['BEisComing'],85
19-11-2020 15:49,I will love and enjoy every bit of the album tomorrow. Not blindly. I just know it already and feel it instinctively because I trust @BTS_twt  #LifeGoesOn #BEisComing #BTS_BE',minimishka3',"['LifeGoesOn', 'BEisComing', 'BTS_BE']",110
19-11-2020 15:49,"""NO BC WE GETTIN' SPRING DAY 2.0 WITH LIFE GOES ON \xf0\x9f\x98\xad\xf0\x9f\x98\xad\xf0\x9f\x98\xad\xf0\x9f\x98\xad  #BETODAY #BEisComing @BTS_twt""",bangtanluuvbot',"['BETODAY', 'BEisComing']",1360
19-11-2020 15:49,The day has come!! #BEToday!! @BTS_twt #BEisComing',fxrahye_SG',"['BEToday', 'BEisComing']",227
19-11-2020 15:49,"\xe2\x80\x9cARMY WORLDWIDE READY FOR BE"" KEEP FIGHT AMYY\xf0\x9f\x92\x9c\xf0\x9f\x92\x9c\xf0\x9f\x92\x9c #BEisComing #BETODAY'",awawiwu',"['BEisComing', 'BETODAY']",159
19-11-2020 15:49,Losing my mind as I stare at the clock!!! #BEisComing https://t.co/inUcebTxBp',InnerChild_TK7',['BEisComing'],686
19-11-2020 15:49,English subs? #BEisComing #BTS_BE #BETODAY',a_vyschan',"['BEisComing', 'BTS_BE', 'BETODAY']",316
19-11-2020 15:49,#BEselcaDay #BEisComing   \xf0\x9f\x92\x9cLife goes on\xf0\x9f\x92\x9c @BTS_twt https://t.co/tfevETMQ0x',IAsmYNsHope',"['BEselcaDay', 'BEisComing']",508
19-11-2020 15:49,#BEisComing  #BetoDay  #BTS_BE  #BTSARMY  #RM\xf0\x93\x83\x97  #JIN\xf0\x93\x84\x82  #SUGA\xf0\x93\x83\xa0  #JHOPE\xf0\x93\x83\xb2  #JIMIN\xf0\x93\x85\xb1  #Taehyung\xf0\x93\x84\x82  #JUNGKOOK\xf0\x93\x83\xb9  #\xeb\xb0\xa9\xed\x83\x84\xec\x86\x8c\xeb\x85\x84\xeb\x8b\xa8  @BTS_twt  @ours_ysii  BTS is coming https://t.co/PKKMo29Qjc',_oursysii04_',"['BEisComing', 'BetoDay', 'BTS_BE', 'BTSARMY', 'RMð“ƒ—', 'JINð“„‚', 'SUGAð“ƒ ', 'JHOPEð“ƒ²', 'JIMINð“…±', 'Taehyungð“„‚', 'JUNGKOOKð“ƒ¹', 'ë°©íƒ„ì†Œë…„ë‹¨']",13
19-11-2020 15:49,"I bring tissues to every army in the world, please make a line #BETODAY #BEisComing  #LifeGoesOn #LifeGoesONisComing  #BE #BTS_BE  @BTS_twt #ARMY #BTSARMY https://t.co/rwsYoPanl8'",Silvercollazos',"['BETODAY', 'BEisComing', 'LifeGoesOn', 'LifeGoesONisComing', 'BE', 'BTS_BE', 'ARMY', 'BTSARMY']",397
19-11-2020 15:49,"""bts is excited to share this album with us so let's make sure to give them the records they deserve #BEisComing""",bibiibts',['BEisComing'],157
19-11-2020 15:49,Plus we\xe2\x80\x99re getting soulmates track \xe2\x80\x98Fly to my Room\xe2\x80\x99 by vmin and sope. WHAT TO DO WITH THIS INFORMATION! VMIN AND SOPE! IN ONE TRACK \xf0\x9f\x98\xad\xf0\x9f\x98\xad\xf0\x9f\x98\xad  #BETODAY #BTS_BE  #BEisComing @BTS_twt',____bangbangtan',"['BETODAY', 'BTS_BE', 'BEisComing']",83
19-11-2020 15:44,Arvind kejriwal is national shame.  Has put our loved ones in danger. #Delhicorona https://t.co/SjxNnxNMh2',CentreRight4',['Delhicorona'],353
19-11-2020 15:29,"""Will #aap pay a fine for not being able to 'control' the virus transmission, or are fines only meant for the people? #Delhicorona #DelhiAirQuality https://t.co/MppwDjYiGc""",kartikeysehgal',"['aap', 'Delhicorona', 'DelhiAirQuality']",85
19-11-2020 15:29,"@ArvindKejriwal Thanks to the delhi gvt team, Doctors, Mcd teams &amp; every ground person who dedicatedly helps &amp; support every covid person in home isolation   #coronavirus #Covid #COVID19 #DelhiFightsCorona #delhi #Delhicorona    https://t.co/RA2srvpHcy'",chadhashiva',"['coronavirus', 'Covid', 'COVID19', 'DelhiFightsCorona', 'delhi', 'Delhicorona']",352
19-11-2020 15:25,"""OMG! It's principally #Punjab #stubbleburning  @capt_amarinder @PunjabGovtIndia @BJP4Punjab @CMOPb  Shame on @INCIndia @RahulGandhi for \xf0\x9f\xa4\x90 #AirPollution #DelhiAirQuality promotes #Delhicorona fatality #congresssinkingship  @KapilSibal  @hjethva05 @sunitanar @ndtv @vikramchandra https://t.co/1aaItuq6WS""",eagle_mist',"['Punjab', 'stubbleburning', 'AirPollution', 'DelhiAirQuality', 'Delhicorona', 'congresssinkingship']",242
19-11-2020 15:22,"""#CoronavirusIndia #Delhicorona Guys, we are on our own. Take precautions; there is no space in govt hospitals. Pvt. Hospitals demand a huge deposit.   Stay at home. That's the best place to stay safe. Wash your hands regularly. Wear a mask. Maintain distance! @ArvindKejriwal""",Kuldeep9Sharma',"['CoronavirusIndia', 'Delhicorona']",2909
19-11-2020 15:19,"#DelhiHighCourt slammed #ArvindKejriwal Govt, in reaction he announced to torture people of #Delhi by imposing fine of 2000/-. #Delhicorona only a money minting opportunity for incompetent, corrupt Kejri gang. https://t.co/dCH2ZtbaBD'",youth4bjp',"['DelhiHighCourt', 'ArvindKejriwal', 'Delhi', 'Delhicorona']",7950
19-11-2020 15:13,"Covid19 has taken a very serious turn in Delhi.  A death in every 10-15 minutes is being reported in Delhi due to Covid19.  Thank you, Shri @ArvindKejriwal.  #Delhicorona'",vishnuguptuvach',['Delhicorona'],3803
19-11-2020 15:06,@ArvindKejriwal #Delhicorona out of control #Delhicorona_out_of_control',DrVivekSharma89',"['Delhicorona', 'Delhicorona_out_of_control']",105
19-11-2020 15:02,"The Akshardham Nautanki on 14th Nov, is responsible for the Spike in #Delhicorona cases, @ArvindKejriwal must resign immediately  ....  https://t.co/jQusZiGI7b'",DARKMATTER1008',['Delhicorona'],4230
19-11-2020 14:54,"You sack Govts of #Delhi, Rajasthan, Kerala and Uttar Pradesh for 3 months, no need to throw, leave Assembly, in 3 months these people to be again CMs, but to stop circulation of #coronavirus you need to take Western UP,Delhi, Rajasthan and Kerala in your hands! #Delhicorona'",umakantsingh_IN',"['Delhi', 'coronavirus', 'Delhicorona']",557
19-11-2020 14:51,If there is anything I would remember for the rest of my life is this \xf0\x9f\x91\x87 The sheer stupidity of the indian bureaucracy \xf0\x9f\x98\x8f Like people wear space suits in the mornings...#Delhicorona  Ahmedabad Imposes Night Curfew From 9 pm To 6 am Amid Rising Covid Cases https://t.co/jOxAicG1p1',twO4duB9cMfNBuq',['Delhicorona'],1
19-11-2020 14:51,"""Let's not risk other's life just because you think you're immune enough. DO NOT LEAVE YOUR HOUSE UNTIL IT'S NECESSARY. Delhi has registered 8.5K cases in a day. If this doesn't make you aware idk what will.  #COVID19 #Ahmedabadcurfew #Delhicorona""",notsodeeeeep',"['COVID19', 'Ahmedabadcurfew', 'Delhicorona']",80
19-11-2020 14:50,"@ArvindKejriwal @SatyendarJain @DelhiPolice @CPDelhi Respected all, people are not wearing masks specially in the streets. People gather in grps of 4 or 5 for gossiping and none of them wear mask. This is becoming source of spread #Delhicorona. This is in ref. to Paharganj'",JainNahush',['Delhicorona'],92
19-11-2020 14:39,"RIP Social Distancing, RIP Mask... #DelhiModel #Delhicorona  @ArvindKejriwal https://t.co/LvWN5pRAkX'",dentist_so',"['DelhiModel', 'Delhicorona']",35
19-11-2020 14:36,Delhi government directs 42 private hospitals to reserve 80% of their total ICU/HDU bed capacity for treatment of #COVID19 patients with immediate effect. #Delhicorona #Kejriwal',Mohitahuja30',"['COVID19', 'Delhicorona', 'Kejriwal']",329
19-11-2020 14:14,Must be the data is manipulated.. #COVID19 #Covid_19 #Delhicorona https://t.co/cwAYNmWWm5',SeeMayanks',"['COVID19', 'Covid_19', 'Delhicorona']",43
19-11-2020 14:14,See if anyone can be benefitted.  #COVID19 #delhiCorona https://t.co/P569nxK5pk',pulkitthisis',"['COVID19', 'delhiCorona']",759
19-11-2020 14:06,"Horror situation in Delhi (poster government), must watch video issued by Bhagat Singh Seva Dal.  #Delhicorona #Delhi  @BJP4Delhi  @BJP4India https://t.co/FOLGpRkBSZ'",Rajendrahsingh',"['Delhicorona', 'Delhi']",158
19-11-2020 14:00,Le Delhi Wale To Corona &amp; Air Pollution Now- #delhicorona #DelhiAirQuality #DelhiCapitals #DelhiPolice #Aircraft #Airdrop #bigbreaking #aap #BJP #boycottzomato #BoycottBingo #1in50Million https://t.co/H6cq2gTFvu',Shashwa12850171',"['delhicorona', 'DelhiAirQuality', 'DelhiCapitals', 'DelhiPolice', 'Aircraft', 'Airdrop', 'bigbreaking', 'aap', 'BJP', 'boycottzomato', 'BoycottBingo', '1in50Million']",9
19-11-2020 13:55,#Delhicorona Please :( https://t.co/9ag3tL7Xd5',ankitknewit',['Delhicorona'],11
19-11-2020 13:50,"@amarDgreat @ArvindKejriwal The crores he is spending everyday on  his  useless ads  for his \xe0\xa4\x9a\xe0\xa5\x87\xe0\xa4\xb9\xe0\xa4\xb0\xe0\xa4\xbe \xe0\xa4\x9a\xe0\xa4\xae\xe0\xa4\x95\xe0\xa4\xbe\xe0\xa4\x93 ,  can b used 4 buying ventilators &amp;  arranging beds  for Covid patients!  But no - Neither capability nor intent !    #Delhicorona'",VRspeaking',['Delhicorona'],17
19-11-2020 13:37,Cornavirus nhi hai bussniess or looot hai cornvirus ke aginst itne porrtest ho rhe hai Europe  #Delhicorona',Anand67003541',['Delhicorona'],0
19-11-2020 13:05,"""#Delhicorona   Now the day is not far when we will have to face the Lockdown again  Cases are increasing !!!  @ICMRDELHI  are you sure other states and UT's are safe ? I find testing going back to August scale! @venkysplace  https://t.co/Bxv1OKxBE5""",venkysplace',['Delhicorona'],42
19-11-2020 13:01,"""@DeepalTrevedie I don't understand the concept. Why we focusing on beds rather than taking the preventive actions to stop the community spread!! Please correct me if im wrong. @AtishiAAP #coronavirus #CoronaVirusUpdates #CovidVaccine #Delhicorona https://t.co/mviVC4wD3k""",Ranjhana786',"['coronavirus', 'CoronaVirusUpdates', 'CovidVaccine', 'Delhicorona']",2
19-11-2020 12:58,Now Delhiites will wear the mask just like they wear the helmets  ~  To save themselves from the fine Rs. 2000 now onwards !!    #COVID19 #Delhicorona #mask https://t.co/e2aWnjdsmb',Ganibhai108',"['COVID19', 'Delhicorona', 'mask']",43
19-11-2020 12:40,#Delhicorona cases rises day by day. Why not #AAP provide good facilities to all Delhians?.',its_IAK',"['Delhicorona', 'AAP']",197
19-11-2020 12:32,@ANI #delhicorona ...In Ahmedabad cases are increasing day by day and hence Ahmedabad corporation imposed night curfew from 9pm to 6 pm from 20 nov 20...',bagadia_malav',['delhicorona'],17
19-11-2020 12:31,#Delhicorona #boycottzomato #InternationalMensDay #UnMuteTheKids #WorldToiletDay #RepublicRoar4SSR #BicchooKaKhel #COVID19 #Fleets #thursdayvibes  An App for Intelligent Members https://t.co/kEp0jeWdIK https://t.co/Q7lYKU0SgR',MemelandApp',"['Delhicorona', 'boycottzomato', 'InternationalMensDay', 'UnMuteTheKids', 'WorldToiletDay', 'RepublicRoar4SSR', 'BicchooKaKhel', 'COVID19', 'Fleets', 'thursdayvibes']",6
19-11-2020 12:28,"""There's fine for not wearing a mask, but who's going to watch? two crores citizens! Seriously that's why I'm telling Delhi Needs Saa\xe0\xa4\xb0\xe0\xa5\x8d\xe0\xa4\xa5\xe0\xa5\x80 @ArvindKejriwal @Minister_Edu @SatyendarJain @SanjayAzadSln @AAPDelhi @rakhibirla @AAPExpress @LtGovDelhi #CovidVaccine #COVID19 #Delhicorona https://t.co/L2XBbGVLSc""",Ranjhana786',"['CovidVaccine', 'COVID19', 'Delhicorona']",2
19-11-2020 12:26,"""#Delhicorona Rising cases in Delhi is not the mistake and failure of kejriwal. It's the fault of people's too. Why people's are not wearing masks and obey social distancing. Some foolish people's are saying that God will save them from corona so no mask. What's this mentality \xf0\x9f\x98\xa0""",Khushal37465711',['Delhicorona'],5
19-11-2020 12:15,"The fine of Rs 2,000 for not wearing masks in Delhi, including in your car, has been increased from the previous Rs 500  https://t.co/jQkRzXlkga #Delhicorona @AamAadmiParty @ArvindKejriwal'",HTAutotweets',['Delhicorona'],2748
19-11-2020 12:13,"There is no doubt in saying that @AamAadmiParty has failed in controlling #Delhicorona there van be many reasons but the most important one is not setting up of proper rules at proper time,  they open when they should be close,and close at the time of opening'",cifarshayar',['Delhicorona'],1112
19-11-2020 12:10,@DelhiPolice plz fine this Anachrist first .. He is Biggest Advertisement himself of not Masking up. #Delhicorona #DelhiFightsCorona https://t.co/fOA90Rj87j',mkghazipuri',"['Delhicorona', 'DelhiFightsCorona']",1870
19-11-2020 11:54,"""@AAPDelhi Why don't you implement the fine 5 times i.e. 10000 if some adiyal netas , sarkari karmchari and warriors dont wear it. Like you said a car is not a private space hence CM office is also not , ready for frst fine ? #COVID19 #Delhicorona #mask""",daljeeto2',"['COVID19', 'Delhicorona', 'mask']",23
19-11-2020 11:51,"""And The Pollution Is Coming From Haryana And UP Why Don't We Blame The UP And Haryana. Delhi Trying His Best To Recover From The Covid-19 @ArvindKejriwal #Delhicorona #DelhiAirQuality #AAPatWork""",anurag_1406',"['Delhicorona', 'DelhiAirQuality', 'AAPatWork']",21
19-11-2020 11:45,"FYI : The Delhi government has increased the fine from Rs 500 to Rs 2,000 for not wearing a mask.  #Delhicorona #fightagainstcorona  #Rafi_official_1 #Covid_19 @Abhishekjha0786 #todaybreaking'",Rafi_official_1',"['Delhicorona', 'fightagainstcorona', 'Rafi_official_1', 'Covid_19', 'todaybreaking']",2
19-11-2020 11:42,"""One thing is clear neither #COVID19 is ready to go nor Politics is going to understand Delhites needs #Delhicorona has started it's 2nd inning still state and central governments are talking about arrangements of ICU's, beds, medical staffs!! what were both doing since March? \xf0\x9f\xa4\x94""",paramendramohan',"['COVID19', 'Delhicorona']",292
19-11-2020 11:40,"Delhi CM Arvind Kejriwal imposes heavy fine of Rs 2000 on anyone who is not wearing a mask. Welcome step.  So, when will #ArvindKejriwal pay his fines?  @AamAadmiParty @AAPDelhi @ArvindKejriwal   #Delhicorona #Delhi #DelhiLockdown #COVID19 #CoronaVirusUpdates #Corona #delhicovid https://t.co/URj8KZExYM https://t.co/dEGVaeqIIx'",sunnysingh695',"['ArvindKejriwal', 'Delhicorona', 'Delhi', 'DelhiLockdown', 'COVID19', 'CoronaVirusUpdates', 'Corona', 'delhicovid']",161
19-11-2020 11:39,"Corona cases increasing, pollution is always on rise, women safety is a big question.  When will Delhi ppl get relief from these? Govt be like\xf0\x9f\x91\x87  #Delhicorona #DelhiLockdown #pollution #delhi @ArvindKejriwal https://t.co/T61LPgneIx'",AnushreePainuly',"['Delhicorona', 'DelhiLockdown', 'pollution', 'delhi']",557
19-11-2020 11:34,"@ArvindKejriwal @SatyendarJain @AamAadmiParty @AAPDelhi @msisodia @CMODelhi @DelhiVsCorona   Thanks 2 d team of Delhi govt, Doctors &amp; MCd team 4 all ur support during my covid period, especially mental support &amp; tips.   #Corona #DelhiFightsCorona #Delhicorona #COVID19 #COVID\xe3\x83\xbc19 https://t.co/RA2srv85NY'",chadhashiva',"['Corona', 'DelhiFightsCorona', 'Delhicorona', 'COVID19', 'COVIDãƒ¼19']",352
19-11-2020 11:28,"b'Just month back Kejriwal was seeking another international award for #DelhiCoronaModel, now still the #Delhicorona talk of town, Delhi and Kerala with Rajasthan are incubator states of #Corona ;  Gross failure of both the central and Delhi Govts! Rs 500 Rs 2000'",b'umakantsingh_IN',"['DelhiCoronaModel', 'Delhicorona', 'Corona']",557
19-11-2020 11:25,"""Wearing a mask is the most patriotic thing we can do right now.  Even if we aren't concerned about our own lives, we can help protect others.  It's a sign of respect to our Citizens, City &amp; Nation #Covid_19 #Delhicorona @NidhiKNDTV \xf0\x9f\x99\x8f\xf0\x9f\x8f\xbc""",AjaySinghArora1',"['Covid_19', 'Delhicorona']",6
19-11-2020 11:23,"Please @HDFCBank_Cares @HDFC_Bank I request to close my credit card. No more wanted your services. After spending more than 4Hrs I was fortunate to connect with your world class CS &amp; they told me 2 pay the 4 closure amount of 47,773 which already paid. #Delhicorona #1in50Million https://t.co/2oETJJQASq'",seinmenschlich',"['Delhicorona', '1in50Million']",1
19-11-2020 11:21,"""By increasing number of beds &amp; changing fine from \xe2\x82\xb9500 to \xe2\x82\xb92000 ,will they be able to control rise in #Corona cases? I guess increasing bed will surely help who are facing major health issue but what should have been focus was to make sure it doesn't spread more. #Delhicorona""",14Varun',"['Corona', 'Delhicorona']",189
19-11-2020 11:19,Kejriwal increased fine for not wearing mask from 500 \xe2\x82\xb9 to 2000 \xe2\x82\xb9  le public: #delhicorona  #Delhicorona https://t.co/17rtISWaVy',Simranlessly',"['delhicorona', 'Delhicorona']",92
19-11-2020 11:18,Now Delhiites will wear the mask just like they wear the helmets  ~  To save themselves from the fine Rs. 2000 now onwards !!    #COVID19 #Delhicorona #mask  #Delhicorona https://t.co/lIpJd249L0',Simranlessly',"['COVID19', 'Delhicorona', 'mask', 'Delhicorona']",92
19-11-2020 11:17,Delhi have 21% of total COVID deaths in country and DELHI govt increased fine for not wearing mask to 2000 from 500 . I am sure now COVID cases will decline ...... Lucky to have such leaders \xf0\x9f\x98\x82 #Delhicorona  #DelhiLockdown https://t.co/0V6I5GeQS1',naveens47422874',"['Delhicorona', 'DelhiLockdown']",8
19-11-2020 11:17,#Delhicorona  Cases are increasing !!!!!!   #Delhicorona https://t.co/wfgVBfONYA',Simranlessly',"['Delhicorona', 'Delhicorona']",92
19-11-2020 11:17,#Delhicorona @SatyendarJain @AamAadmiParty Shame on you guys. You call urselfves able.  https://t.co/zhrmlsu5uI',followSRaina',['Delhicorona'],45
19-11-2020 11:14,"Fine For Not Wearing Mask In Delhi Raised To \xe2\x82\xb92,000  #Facemask #Delhicorona #ArvindKejriwal  https://t.co/lO8U32IpCs'",LokMarg',"['Facemask', 'Delhicorona', 'ArvindKejriwal']",1490
19-11-2020 11:14,"""@ArvindKejriwal  \xe0\xa4\xac\xe0\xa4\xbf\xe0\xa4\xa8\xe0\xa4\xbe mask \xe0\xa4\x95\xe0\xa5\x87 \xe0\xa5\xa8\xe0\xa5\xa6\xe0\xa5\xa6\xe0\xa5\xa6 \xe0\xa4\x95\xe0\xa4\xbe Fine is fine.  \xe0\xa4\xb2\xe0\xa5\x87\xe0\xa4\x95\xe0\xa4\xbf\xe0\xa4\xa8 non -availibility of N-95 masks is not so fine.  Kindly arrange masks for those who can't afford a new mask everyday.   #Delhigovernment  #Delhicorona #DelhiFightsCorona #MaskOn #CoronavirusIndia""",rishabh9tyagi',"['Delhigovernment', 'Delhicorona', 'DelhiFightsCorona', 'MaskOn', 'CoronavirusIndia']",15
19-11-2020 11:09,"Ready to pay the fine of Rs 2000 for not wearing the mask.\xf0\x9f\x98\xb3 Else, Wear mask and be Safe and keep others safe too from Corona virus.\xf0\x9f\x99\x8f #Delhi  #Delhicorona https://t.co/VVGcXXfNDE'",MauryaRaxl',"['Delhi', 'Delhicorona']",9
19-11-2020 11:09,Lock down start \xf0\x9f\xa4\xad\xf0\x9f\xa4\xad\xf0\x9f\x99\x88\xf0\x9f\x99\x88 #Delhicorona https://t.co/wlgtqE9u4n',GsDevil3',['Delhicorona'],140
19-11-2020 11:07,You can cringe over your decisions while overthinking when you are outdoors. Wear your mask. #CoronaVirusUpdates #Delhicorona  #WearAMask',DivyaKurava',"['CoronaVirusUpdates', 'Delhicorona', 'WearAMask']",9
19-11-2020 11:04,From Here to Here We have come a Long way. This is power of Your Vote.  #YogiAdityanath  #Delhicorona https://t.co/6NiHHbbHT9',vskutwal7',"['YogiAdityanath', 'Delhicorona']",745
19-11-2020 11:00,Wish @ArvindKejriwal was serious from May/June onwards. Situation has become very critical now.  #Delhicorona https://t.co/L9PtfohSzJ',amarDgreat',['Delhicorona'],1610
19-11-2020 11:00,"#Delhicorona DL vs UP Population: 3.05 CR vs 23.15 CR Confirmed Cases: 5.03L vs 5.16L Active C: 42,458 vs 21,954 Recovered C: 4,52,683 vs 4,87,221 Deceased: 7,943 vs 7,441 Tests Conducted: 55,90,654 vs 1,73,21,490  Yogiji didn\xe2\x80\x99t take help from Amit Shah twice.  And: \xf0\x9f\x91\x87 https://t.co/HhZJ80WCpn'",SanghiSharmajr',['Delhicorona'],34
19-11-2020 10:59,Pliss wear mask  #Delhicorona https://t.co/gN5jk3AGrf',SansPareilll',['Delhicorona'],138
19-11-2020 10:57,"@ReallySwara @AamAadmiParty #Delhi Govt. is extensively advertising its #Delhicorona  achievements, #DelhiAirQuality achievements in #Republic Network channels..  Would you stop using #DelhiGovt ?  #Zomato https://t.co/r2OlQP67M3'",Rappudada',"['Delhi', 'Delhicorona', 'DelhiAirQuality', 'Republic', 'DelhiGovt', 'Zomato']",2004
19-11-2020 10:57,#Delhicorona rising rising rising',Jainpankajkasan',['Delhicorona'],4235
19-11-2020 10:57,"Take care, Delhi! #Delhicorona \xf0\x9f\x99\x8f https://t.co/x9KKm714Qk'",MahimaK_k',['Delhicorona'],560
19-11-2020 10:55,Mask \xf0\x9f\x91\x87 Re-breath CO\xc2\xb2 constantly \xf0\x9f\x91\x87 Sensitive throat (itch) &amp; weak lungs \xf0\x9f\x91\x87 Ultimately affects immunity &amp; may cause bacterial pneumonia \xf0\x9f\x91\x87 Further affecting brain &amp; other body functions too \xf0\x9f\x91\x87 Rest fear will do now.  Congrats! You became a customer for Big Pharma.  #Delhicorona https://t.co/NwRr6jq8AX',newindia_in',['Delhicorona'],53
19-11-2020 10:49,People in #delhi dying no one cares #Delhicorona',Jainpankajkasan',"['delhi', 'Delhicorona']",4235
19-11-2020 10:48,#Delhicorona on #Kejriwal gone',Jainpankajkasan',"['Delhicorona', 'Kejriwal']",4235
19-11-2020 10:48,A short lockdown even a week needed to wake up #Delhi from slumber. Hammer &amp; dance approach. Presently only dance!  #Delhicorona @ArvinderSoin @ArvindKejriwal @GKangInd  You r dealing with a 2 crore population which defied a #FirecrackersBan !!!!! Get that! @VishnuNDTV @NCDCgov https://t.co/KLa1fCq680',eagle_mist',"['Delhi', 'Delhicorona', 'FirecrackersBan']",242
19-11-2020 10:47,imagine if cases was increased  in up then they must do politics .  #Delhicorona https://t.co/1OEbDDWYbL',memeskashowroo2',['Delhicorona'],7
19-11-2020 10:47,Carrom Board playing With the Help of Nose https://t.co/RHhCt3raEA via @YouTube #boycottzomato  #BoycottBingo  #No1_dubakoor_Modi  #1in50Million  #Delhicorona  #YourTimeIsUp  #YoutubeIndia  #YouTuber  #Gamail #TwitterOnTheMat  #COVID19  #nrc  #nrc\xe3\x81\xae\xe5\xa4\xa7\xe4\xba\xba\xe9\x81\x94\xe3\x82\x92\xe5\xa5\xbd\xe3\x81\x8d\xe3\x81\xaa\xe4\xba\xba\xe3\x81\xa8\xe7\xb9\x8b\xe3\x81\x8c\xe3\x82\x8a\xe3\x81\x9f\xe3\x81\x84',yousufpasha3',"['boycottzomato', 'BoycottBingo', 'No1_dubakoor_Modi', '1in50Million', 'Delhicorona', 'YourTimeIsUp', 'YoutubeIndia', 'YouTuber', 'Gamail', 'TwitterOnTheMat', 'COVID19', 'nrc', 'nrcã®å¤§äººé”ã‚’å¥½ããªäººã¨ç¹‹ãŒã‚ŠãŸã„']",5
19-11-2020 10:45,When it comes to him than No Politics rest he can do politics on anything. #Delhicorona https://t.co/4uuEaRfggW',HemantaPandit11',['Delhicorona'],43
19-11-2020 10:44,"""I hope at least now the #AAPtards will understand!!! But I don't think this is ever going to happen coz IQ level of these people is very low!!!  @myogiadityanath #BJP #Delhicorona #JaiHind @BJP4India https://t.co/pk6CLUPO26""",HemantaPandit11',"['AAPtards', 'BJP', 'Delhicorona', 'JaiHind']",43
19-11-2020 10:44,Kejriwal increased fine for not wearing mask from 500 \xe2\x82\xb9 to 2000 \xe2\x82\xb9 le public: #delhicorona https://t.co/DxyC7N2ZUV',teslanolan',['delhicorona'],70
19-11-2020 10:43,"@DManujarch But there will be #COVIDIDIOTS still, who will continue to flout the rules, and spread the #covidvirus. #Delhicorona needs #strict compliance to rules.   AND self discipline.'",GreenlyYours',"['COVIDIDIOTS', 'covidvirus', 'Delhicorona', 'strict']",81
19-11-2020 10:42,CM office call recording  #ICAI_DENIES_SAFTEY #icaiexams #icai #Kejriwal #Delhi Dey r just doing formality https://t.co/jTdNjdLQzU  #Delhicorona',sultan_king09',"['ICAI_DENIES_SAFTEY', 'icaiexams', 'icai', 'Kejriwal', 'Delhi', 'Delhicorona']",7
19-11-2020 10:38,@BBCWorld @HarvardHealth @ndtv @sanket  Panic as citizens scurry to get beds ; anxiety at peak #Delhicorona . Deaths rising unabated while the common man party of Delhi (AAP) aam aadmi party ministers who came on plank of ending VIP culture strut around after COVID19 Treatment. https://t.co/oU0Z2mjYVI https://t.co/Z0CeJttlCJ',eagle_mist',['Delhicorona'],242
19-11-2020 10:36,@ArvindKejriwal And #Icai  will ensure that there is more than sufficient no. of student patients to utilise those beds #ICAI_DENIES_SAFTEY #Delhicorona Well done @ArvindKejriwal for not listening to #CA Students and making Delhi a Corona capital.@msisodia @drharshvardhan',AnkitAgg143',"['Icai', 'ICAI_DENIES_SAFTEY', 'Delhicorona', 'CA']",12
19-11-2020 10:35,There is NO NEED for any new normal if you are not under the illusion that EVERY DEATH IS A CORONA DEATH.  #Delhicorona https://t.co/TnTk8Aryou',newindia_in',['Delhicorona'],53
19-11-2020 10:32,No #lockdown for 20 + million #Delhi people who defy #firecrackersban amidst hazardous #DelhiAirQuality sending citizens into emergency room every #Diwali &amp; #Delhicorona !!!??  @soniandtv @BBCHindi @ShamikaRavi @INCDelhi @BJP4Delhi @THNewDelhi @VishnuNDTV @JagranNews @ndtv https://t.co/oU0Z2mjYVI',eagle_mist',"['lockdown', 'Delhi', 'firecrackersban', 'DelhiAirQuality', 'Diwali', 'Delhicorona']",242
19-11-2020 10:27,.#arvindkejriwal #dmrc #Delhicorona #Delhigovt @Sanjay_onair @thesuniltaneja Enclosed crowded metro coaches causing covid spread. Remove window panes.',MrinallChkrvrty',"['arvindkejriwal', 'dmrc', 'Delhicorona', 'Delhigovt']",3
19-11-2020 10:20,"""@one_by_two Not that the Government's COVID plan is perfect....  ...but till people stop seeing the government as an enemy with whom you play hide and seek...  ...no mitigation plan on Earth can stop COVID infections from rising #COVID19  #COVIDIOTS  #Delhi  #Delhicorona  #CoronavirusIndia""",theanitasharma',"['COVID19', 'COVIDIOTS', 'Delhi', 'Delhicorona', 'CoronavirusIndia']",19
19-11-2020 10:18,#Delhicorona situation is getting bad to worse !! Probably  going towards another  lockdown  ..seriously  India in general  can not afford another lockdown',myrandommusing_',['Delhicorona'],157
19-11-2020 10:17,"19 Nov BSE CLOSED @ 43599.96 \xe2\x9d\x8c 580.09 Points &amp; NSE CLOSED @ 12771.70 \xe2\x9d\x8c 166.55 Points, BankNifty Closed 28903.05 \xe2\x9d\x8c 846.80 Points &amp; India VIX Closed 19.5700 \xe2\x9c\x85 0.3100 Points.  #ektakapoor  #SalmanKhanSong #1in50Million  #RakulPreetSingh  #SaifAliKhan  #Delhicorona'",Ja3r',"['ektakapoor', 'SalmanKhanSong', '1in50Million', 'RakulPreetSingh', 'SaifAliKhan', 'Delhicorona']",303
19-11-2020 10:16,"""@nitingzb @ANI Real problem with this man- his using two national flags background- in too obvious an attempt to project himself as future PM! That's all !  Rest is immaterial!  He never had the capability, intent or will to serve ppl! &amp; he never hid it too!        #Delhicorona""",VRspeaking',['Delhicorona'],17
19-11-2020 10:15,#Delhicorona Good decision Rs 2k fine 4not wearing #mask ; must strictly enforce. All parties/entities plz refrain fm playing politics when/where ever #India has #health #crises  @ArvindKejriwal @SatyendarJain @RahulGandhi @drharshvardhan @AmitShah @PMOIndia https://t.co/Y0FlINMgWc',rachnaburman',"['Delhicorona', 'mask', 'India', 'health', 'crises']",7034
19-11-2020 10:14,@ArvindKejriwal Also appreciate people with Rs500/-(out of Rs2000/- fine for not wearing mask) who are catching the culprit. #FightWithCorona #Delhicorona #delhicovid',kshkaran2k',"['FightWithCorona', 'Delhicorona', 'delhicovid']",138
19-11-2020 10:13,"Y @narendramodi @AmitShah lockdown entire country when cases were jus less , Mask is ok but when ppl are walking , touching everything , corona can transmit hope govt will take few important step ,  #Delhicorona'",Pooja29904393',['Delhicorona'],99
19-11-2020 10:11,"This naxali type should resign , tahir hussain, pollution covid capital this farzi muffler man should resign  #Delhicorona'",Arjunsi71579550',['Delhicorona'],10
19-11-2020 10:10,"Few days emergency lockdown could help decrease spread , otherwise cold &amp; population will let corona only multiply , \xf0\x9f\xa4\x94\xf0\x9f\xa4\x94\xf0\x9f\xa4\x94  @narendramodi @AmitShah look into this matter , anyway economy is not going to revive but things are getting worse  #Delhicorona'",Pooja29904393',['Delhicorona'],99
19-11-2020 10:09,First learn how to wear a mask yourself tab Gyan pelna. #Delhicorona https://t.co/1t6xeVpB8I https://t.co/ReBodkUkJ4',thewanderborn',['Delhicorona'],1706
19-11-2020 10:09,#Delhicorona   Now anyone who does not wear a mask will be charged fine but it should have been done long ago. \xf0\x9f\xa4\x94\xf0\x9f\xa4\x94\xf0\x9f\x99\x84\xf0\x9f\x99\x84',DevaC777',['Delhicorona'],0
19-11-2020 10:06,"When there was 100 cases @narendramodi @AmitShah call for lockdown of entire country , when corona was not spread in country , now when in 24 hours almost 30,000+ cases is reported and cold increases spread, PPL are walking in streets, govt is waiting ,worse is Delhi #Delhicorona'",Pooja29904393',['Delhicorona'],99
19-11-2020 10:04,"Delights will be fined 2k for not wearing mask, @ArvindKejriwal making this announcement without mask. #Delhicorona https://t.co/9VngHAvElO'",prashantverma33',['Delhicorona'],97
19-11-2020 10:03,"Will only restricting wedding ceremony help control corona when PPL are walking in streets @AmitShah @narendramodi @ArvindKejriwal to somehow control spread atleast few days lockdown is now necessary , in Delhi &amp; few states , cold increases spread #Delhicorona'",Pooja29904393',['Delhicorona'],99
19-11-2020 10:02,"""My ssc cpo19 PET test is on November 25th in delhi ncr and now after seeing delhi corona number rising #SSC released admit card, hw i will go when corona cases are at it's peak #Delhicorona  @ArvindKejriwal @PMOIndia @narendramodi_in @narendramodi #Delhicorona @myogiadityanath https://t.co/uensg30CgA""",KumarSh15488817',"['SSC', 'Delhicorona', 'Delhicorona']",5
19-11-2020 10:02,#Delhicorona  Cases are increasing !!!!!! https://t.co/dqUQZSd3Se',Anurag_meena120',['Delhicorona'],21
19-11-2020 04:32,@nasirqu0565 Success delayed is never success denied. #ICAI_DENIES_SAFTEY #icaiexams #ICAI_DENIES_EQUALITY  @theicai \xf0\x9f\x99\x8f\xf0\x9f\x99\x8f\xf0\x9f\x99\x8f',AmanSofficial',"['ICAI_DENIES_SAFTEY', 'icaiexams', 'ICAI_DENIES_EQUALITY']",78
19-11-2020 04:32,Success delayed is never success denied. #ICAI_DENIES_SAFTEY #icaiexams #ICAI_DENIES_EQUALITY  @theicai \xf0\x9f\x99\x8f\xf0\x9f\x99\x8f\xf0\x9f\x99\x8f https://t.co/iTEs5hq3ff',AmanSofficial',"['ICAI_DENIES_SAFTEY', 'icaiexams', 'ICAI_DENIES_EQUALITY']",78
19-11-2020 04:32,Please help us...#aajtak #abpnews #timesofindia #ICAI_DENIES_SAFTEY #ICAI_DENIES_EQUALITY #icaiexamspostponment #icai',Neel46631465',"['aajtak', 'abpnews', 'timesofindia', 'ICAI_DENIES_SAFTEY', 'ICAI_DENIES_EQUALITY', 'icaiexamspostponment', 'icai']",0
19-11-2020 04:32,@nasirqu0565 @pmo Success delayed is never success denied. #ICAI_DENIES_SAFTEY #icaiexams #ICAI_DENIES_EQUALITY  @theicai \xf0\x9f\x99\x8f\xf0\x9f\x99\x8f\xf0\x9f\x99\x8f',AmanSofficial',"['ICAI_DENIES_SAFTEY', 'icaiexams', 'ICAI_DENIES_EQUALITY']",78
19-11-2020 04:32,"@OfficeOfDGP @theicai Sir EIS m chap 4 hai... E-COMMERCE, M-COMMERCE online shopping naam ki cheez hai duniya m\xf0\x9f\x98\x8a JEE/NEET WAS 1 DAY PAPER AND ICAI IS CONDUCTING 18-20 DAYS PPR  DONT COMPARE CA EXAMS WITH JEE/NEET  #ICAI_DENIES_SAFTEY  #ICAI_DENIES_SAFETY'",Soni_shruti12',"['ICAI_DENIES_SAFTEY', 'ICAI_DENIES_SAFETY']",10
19-11-2020 04:32,Success delayed is never success denied. #ICAI_DENIES_SAFTEY #icaiexams #ICAI_DENIES_EQUALITY  @theicai \xf0\x9f\x99\x8f\xf0\x9f\x99\x8f\xf0\x9f\x99\x8f https://t.co/OWh95B3Ff8',AmanSofficial',"['ICAI_DENIES_SAFTEY', 'icaiexams', 'ICAI_DENIES_EQUALITY']",78
19-11-2020 04:31,@nasirqu0565 @theicai Success delayed is never success denied. #ICAI_DENIES_SAFTEY #icaiexams #ICAI_DENIES_EQUALITY  @theicai \xf0\x9f\x99\x8f\xf0\x9f\x99\x8f\xf0\x9f\x99\x8f',AmanSofficial',"['ICAI_DENIES_SAFTEY', 'icaiexams', 'ICAI_DENIES_EQUALITY']",78
19-11-2020 04:31,#ICAI_DENIES_SAFTEY #ICAI_DENIES_EQUALITY  #icaiexamspostponment  Student still trying to postpone CA exams  Le JEE/NEET student- https://t.co/IWchswBGpu',SIR_SARTHAKK',"['ICAI_DENIES_SAFTEY', 'ICAI_DENIES_EQUALITY', 'icaiexamspostponment']",8
19-11-2020 04:31,"""Shame on icai. Postpone exams for one month and make proper arrangements. 1 month will won't harm anyone. #icai #ICAI_DENIES_SAFTEY https://t.co/RcUQLEwLgo""",Rahul56587',"['icai', 'ICAI_DENIES_SAFTEY']",5
19-11-2020 04:31,Admit Card ka print out la aoo na ....agar admit Card ka matter final ho gya ho to #beloved_ccm #ICAI_DENIES_EQUALITY #ICAI_DENIES_SAFTEY #ICAI #ICAI_NOT_PREPARED',AmitKum92852909',"['beloved_ccm', 'ICAI_DENIES_EQUALITY', 'ICAI_DENIES_SAFTEY', 'ICAI', 'ICAI_NOT_PREPARED']",8
19-11-2020 04:31,Success delayed is never success denied. #ICAI_DENIES_SAFTEY #icaiexams #ICAI_DENIES_EQUALITY  @theicai \xf0\x9f\x99\x8f\xf0\x9f\x99\x8f\xf0\x9f\x99\x8f https://t.co/6RVwC8zWcl',AmanSofficial',"['ICAI_DENIES_SAFTEY', 'icaiexams', 'ICAI_DENIES_EQUALITY']",78
19-11-2020 04:31,Success delayed is never success denied. #ICAI_DENIES_SAFTEY #icaiexams #ICAI_DENIES_EQUALITY  @theicai \xf0\x9f\x99\x8f\xf0\x9f\x99\x8f\xf0\x9f\x99\x8f https://t.co/WQft0d1gor',AmanSofficial',"['ICAI_DENIES_SAFTEY', 'icaiexams', 'ICAI_DENIES_EQUALITY']",78
19-11-2020 04:31,"""If you fail to plan then you plan to fail"" should be written on every business card and communication letter of CCMs and President.    ICAI EXAM #ICAI_DENIES_SAFTEY #ICAI_DENIES_EQUALITY'",iyer_ramakant',"['ICAI_DENIES_SAFTEY', 'ICAI_DENIES_EQUALITY']",4
19-11-2020 04:31,"""@IMinakshiJoshi Ma'am help CA students  #ICAI_DENIES_SAFTEY  #ICAI_DENIES_EQUALITY  #icaiexamspostponment""",kashu20july',"['ICAI_DENIES_SAFTEY', 'ICAI_DENIES_EQUALITY', 'icaiexamspostponment']",5
19-11-2020 04:30,@nasirqu0565 @ArvindKejriwal @PMOIndia Success delayed is never success denied. #ICAI_DENIES_SAFTEY #icaiexams #ICAI_DENIES_EQUALITY  @theicai \xf0\x9f\x99\x8f\xf0\x9f\x99\x8f\xf0\x9f\x99\x8f',AmanSofficial',"['ICAI_DENIES_SAFTEY', 'icaiexams', 'ICAI_DENIES_EQUALITY']",78
19-11-2020 04:30,#icaiexam @nsitharaman #ICAI_DENIES_JUSTICE  #ICAI_DENIES_EQUALITY  #ICAI_DENIES_SAFETY  #ICAI_DENIES_SAFTEY   Sitharaman: ICAI DENIES JUSTICE AND SAFTY FOR CA STUDENTS EXAMINATION TO BE HELF FROM 21 NOVEMBER - Sign the Petition! https://t.co/Gd5BB8KyRf via @ChangeOrg_India',Rajasek07312446',"['icaiexam', 'ICAI_DENIES_JUSTICE', 'ICAI_DENIES_EQUALITY', 'ICAI_DENIES_SAFETY', 'ICAI_DENIES_SAFTEY']",0
19-11-2020 04:30,Success delayed is never success denied. #ICAI_DENIES_SAFTEY #icaiexams #ICAI_DENIES_EQUALITY  @theicai \xf0\x9f\x99\x8f\xf0\x9f\x99\x8f\xf0\x9f\x99\x8f https://t.co/siu2HSxhEO',AmanSofficial',"['ICAI_DENIES_SAFTEY', 'icaiexams', 'ICAI_DENIES_EQUALITY']",78
19-11-2020 04:30,"""@OfficeOfDGP Also we are students and not soldiers, there's a reason why we choose to study and not be at the border. Also, did you ask the Council why they aren't responding to our genuine concerns? You too are responsible since you'll have elected them.  #ICAI_DENIES_SAFTEY""",nikitagill504',['ICAI_DENIES_SAFTEY'],3
19-11-2020 04:30,Bother body #ICAI_DENIES_SAFTEY #ICAI_DENIES_EQUALITY #ICAI_DENIES_JUSTICE #icaiexampostponment #icaiexam #no_care https://t.co/Fx6RCKeG4I',KavinChand17',"['ICAI_DENIES_SAFTEY', 'ICAI_DENIES_EQUALITY', 'ICAI_DENIES_JUSTICE', 'icaiexampostponment', 'icaiexam', 'no_care']",1
19-11-2020 04:30,@AnupamPKher It seems like u r on mark for @theicai team #ICAI_DENIES_SAFTEY #icaiexams #ICAI_DENIES_EQUALITY #icai_notify_today #icaiexamspostponment #icaipostponecaexams #icai #icaideniesjustice',Kriti_24_',"['ICAI_DENIES_SAFTEY', 'icaiexams', 'ICAI_DENIES_EQUALITY', 'icai_notify_today', 'icaiexamspostponment', 'icaipostponecaexams', 'icai', 'icaideniesjustice']",8
19-11-2020 04:30,"""This is them indirectly releasing the FAQ which all answers indicating loose intentions for Jan. If they would've released this formally, there would've been another outrage #icaiexams #ICAI_DENIES_EQUALITY #ICAI_DENIES_SAFTEY #ICAI""",kiddingVidding',"['icaiexams', 'ICAI_DENIES_EQUALITY', 'ICAI_DENIES_SAFTEY', 'ICAI']",7
19-11-2020 04:29,"Shame @AniketTalati sir,  @kdhiraj123 sir,    #icaiexams  #ICAI_DENIES_SAFTEY #ICAI_DENIES_EQUALITY  #ICAI https://t.co/DG2hvJIip5'",LeanerReader',"['icaiexams', 'ICAI_DENIES_SAFTEY', 'ICAI_DENIES_EQUALITY', 'ICAI']",1
19-11-2020 04:29,"""I am not Related to this curriculum, but still Students are Students, be it a CFA or CA, when Many Institutes came up for Online or deferring to legit time, why Cudn't ICAI?  Do it for you Students. Do care for them, they r Precious. #ICAI_DENIES_SAFTEY  #icaiexamspostponment https://t.co/HkWXwy5ESp""",bikramjha2704',"['ICAI_DENIES_SAFTEY', 'icaiexamspostponment']",59
19-11-2020 04:29,"I have no problem to write exams but @icai should provide safe environment for exam. Be transparent with students , students will definitely support you as usual. #ICAI_DENIES_SAFTEY'",Impart_Ashish',['ICAI_DENIES_SAFTEY'],17
19-11-2020 04:29,"""@OfficeOfDGP Most of the CA students r from middle class families who don't have links in hospital, do not have lakhs for treatment in 5 \xf0\x9f\x8c\x9f hospitals.We all have bound ourselves since Covid emerged so now don't want to risk our lives only bcoz icai want exams #icaiexams #ICAI_DENIES_SAFTEY""",Proud_Indian132',"['icaiexams', 'ICAI_DENIES_SAFTEY']",56
19-11-2020 04:29,2 Days to go for COVID DISASTER #ICAI_DENIES_SAFTEY @aajtak @ABPNews @nidhiindiatv @pratimamishra04 @ABPNews  @nsui @neuroayush @AnilSinghvi_',TheNatkhatLadka',['ICAI_DENIES_SAFTEY'],22
19-11-2020 04:28,Students: tweeting from 3 days.....safety measures? Postponement? Kuch toh bolo.......#ICAI_DENIES_SAFTEY #icaiexamspostponment  Le ICAI: https://t.co/t6dH0iHzi6',YNC628628',"['ICAI_DENIES_SAFTEY', 'icaiexamspostponment']",4
19-11-2020 04:28,"Samuthirakani Sir neengala?!!  Mada thailee of the highest order  Feku Sir please take care of this secondary account too, else this too would go down the gutter, the same way your primary account went for spewing shit.  #ICAI_DENIES_EQUALITY  #ICAI_DENIES_SAFTEY https://t.co/1sxs7GQFyK https://t.co/Oxmp9pfMoY'",soorya_de',"['ICAI_DENIES_EQUALITY', 'ICAI_DENIES_SAFTEY']",2
19-11-2020 04:28,"""#ICAI_DENIES_SAFTEY  Dear ICAI..... If u can't realise the situations...then u r incompetent to play the role of world 2nd accounting body....decisions must be effective...so that we can choose the right #ICAI_DENIES_SAFTEY  #ICAI_DENIES_EQUALITY  #icaiexamspostponment""",AnkitKa73854499',"['ICAI_DENIES_SAFTEY', 'ICAI_DENIES_SAFTEY', 'ICAI_DENIES_EQUALITY', 'icaiexamspostponment']",1
19-11-2020 04:28,"@OfficeOfDGP @theicai I agree with you sir !!!  Playing with a academic year is not advised,  but playing with students life is recommended. Right ??  Are you grown up than us ??  Then Kindly come to exam centres on all days wearing masks and sanitizers.  #icaiexams #ICAI_DENIES_SAFTEY #icai'",11_Cynical',"['icaiexams', 'ICAI_DENIES_SAFTEY', 'icai']",124
19-11-2020 04:28,So I request u to come with me and invigilate us for 18 days. I think it is ok with u. #icai #ICAI_DENIES_SAFTEY https://t.co/ctbJt7Sfqj',priyans96684868',"['icai', 'ICAI_DENIES_SAFTEY']",22
19-11-2020 04:27,If taking exam from 21 is possible why you break our flow of study by postponing it 21 days.. shame Icai cares = icai tortures = icai ego is more important = icai is incapable in conducting exam #ICAI_DENIES_SAFTEY #icaiexams  #ICAI_DENIES_EQUALITY  #icaiexamspostponement',Thoughtsca1',"['ICAI_DENIES_SAFTEY', 'icaiexams', 'ICAI_DENIES_EQUALITY', 'icaiexamspostponement']",3
19-11-2020 04:27,"This is the consequences of reopening of schools, we can relate with our case now... Haryana: 11 children, 8 teachers infected with COVID-19 after reopening of schools in Jind https://t.co/RJ2CNpK3FM via @DNA Web Team #ICAI_DENIES_EQUALITY #ICAI_DENIES_SAFTEY #ICAI_DENIES_JUSTICE'",Prateek91867803',"['ICAI_DENIES_EQUALITY', 'ICAI_DENIES_SAFTEY', 'ICAI_DENIES_JUSTICE']",1
19-11-2020 04:27,One day you wake and see exams postponed from 1st Nov to 21st Nov then you think why? If exams were taken at those dates we would have safely appeared but apparently ICAI was busy in minting money. CCMs have failed us and now they are taking on with lives.  #ICAI_DENIES_SAFTEY',iyer_ramakant',['ICAI_DENIES_SAFTEY'],4
19-11-2020 04:26,"@HarshBisaria @GiniC14 @theicai Bhai u r wrong @theicai ""CARES"" for its members. They have started a scheme where treatment and testing is being done at reduced rates #ICAI_DENIES_SAFTEY #icai #icaiexams #icai_notify_today #icaideniesjustice'",Kriti_24_',"['ICAI_DENIES_SAFTEY', 'icai', 'icaiexams', 'icai_notify_today', 'icaideniesjustice']",8
19-11-2020 04:26,#ICAI_DENIES_SAFTEY #ICAI Innovation level  ICSI/ICMAI : Online Exams  ICAI : OPT OUT  @kdhiraj123 @caamresh  @CaJujar  Optimum utilisation of unds #icaiexamspostponement',LacharC',"['ICAI_DENIES_SAFTEY', 'ICAI', 'icaiexamspostponement']",57
19-11-2020 04:26,"""@BhaktLaunda7555 @RenukaJain6 Bro what you said it's your opinion and it's not wrong. But students were asking only safety measures and be transparent. Last but not least why don't they announce JAN'21 exams if they really want to conduct them or it just a bait. #ICAI_DENIES_SAFTEY  #icai""",ManishSrivathsa',"['ICAI_DENIES_SAFTEY', 'icai']",6
19-11-2020 04:26,Remove that blindfold. #ICAI_DENIES_SAFTEY #icaiexams https://t.co/6DXwLy3Dez',TiwariRounak07',"['ICAI_DENIES_SAFTEY', 'icaiexams']",7
19-11-2020 04:26,Opt-out option is just an escape option for ICAI to hide their mistakes. Period. Retweet if u guys agree @CACSCMARajat @CAVikramBiyani @muhazahmed @TheKeshavSoni #ICAI_DENIES_SAFTEY #ICAI_DENIES_JUSTICE',Adithya_Raj38',"['ICAI_DENIES_SAFTEY', 'ICAI_DENIES_JUSTICE']",7
19-11-2020 04:25,@skyisblue_pt Yes right to vote is a right of every  citizen.  #icaiexamspostponement #icaiexampostponement #SayNoToOptout @theicai @atulguptagst @RajeshSharmaBJP @narendramodi @PMOIndia @AmitShah #ICAI_DENIES_JUSTICE #ICAI_DENIES_EQUALITY #ICAI_DENIES_SAFETY #ICAI_DENIES_SAFTEY @aajtak',Rajasek07312446',"['icaiexamspostponement', 'icaiexampostponement', 'SayNoToOptout', 'ICAI_DENIES_JUSTICE', 'ICAI_DENIES_EQUALITY', 'ICAI_DENIES_SAFETY', 'ICAI_DENIES_SAFTEY']",0
19-11-2020 04:25,Even ignou has postponed its exams to February and @theicai which is such a professional body is keen to take exams #studentslifematters #ICAI_DENIES_SAFTEY https://t.co/f6xHgKDg1k',shahzadkaleem11',"['studentslifematters', 'ICAI_DENIES_SAFTEY']",9
19-11-2020 04:25,"""@OfficeOfDGP @theicai Haan but playing with someone's health is adviced, am I right? I think you don't read news. Everyday there comes one article which talks about students and teachers being infected! Imagine, how many people they would've come in contact with! #ICAI_DENIES_SAFTEY #icaiexams""",SakshiT57940599',"['ICAI_DENIES_SAFTEY', 'icaiexams']",117
19-11-2020 04:25,The child who is not embraced by the village will burn it down to feel its warmth  #icai #icaiexams #icaiexamspostponment #ICAI_DENIES_SAFTEY #icaiexamspostponement #icai',Rammohan11112',"['icai', 'icaiexams', 'icaiexamspostponment', 'ICAI_DENIES_SAFTEY', 'icaiexamspostponement', 'icai']",4
19-11-2020 04:25,#icaiexamspostponement #ICAI_DENIES_SAFTEY  Like if u r also same\xf0\x9f\x91\x8d\xf0\x9f\x94\xa5\xe2\x9c\xa8\xe2\x9c\xa8\xe2\x9c\xa8  Everyone is afraid of failing in exams &amp; getting infected from covid   Le me:-\xf0\x9f\x98\x8e\xf0\x9f\x98\x8e https://t.co/SDZ3e23cyg',Ash_bansal17',"['icaiexamspostponement', 'ICAI_DENIES_SAFTEY']",5
19-11-2020 04:24,See the outcome of a single day and they are confident about 18 days \xf0\x9f\xa4\xb7\xf0\x9f\x8f\xbb... If there is hell i know now who will be surely going there..  #ICAI_DENIES_SAFTEY  #ICAI_DENIES_EQUALITY https://t.co/ygxJsNxLsH',RahulToshan',"['ICAI_DENIES_SAFTEY', 'ICAI_DENIES_EQUALITY']",0
19-11-2020 04:24,#ICAI_DENIES_SAFTEY  #icaiexamspostponment  Hoping for Miracle',TEJAS99435930',"['ICAI_DENIES_SAFTEY', 'icaiexamspostponment']",0
19-11-2020 04:24,"""#ICAI_DENIES_SAFTEY #icaiexamspostponment  #icaiexams #ICAI_DENIES_JUSTICE  What do you think?  It's too late? or any Miracle can save us?""",Vivekofficiall',"['ICAI_DENIES_SAFTEY', 'icaiexamspostponment', 'icaiexams', 'ICAI_DENIES_JUSTICE']",123
19-11-2020 04:24,"""One request to students, please don't retweet any news heard regarding tweets of exam postponment . If any news will be there, it will be said by the icai itself. Let's now spread rumours #ICAI_DENIES_SAFTEY""",Teamup75062413',['ICAI_DENIES_SAFTEY'],3
19-11-2020 04:24,"""Ministers are also Grown-up Folks. Infact Parliament's working is more Imp for country then any Exams.  Then why winter session is merged with Budget session?  Why are all other Exams are getting postponed ?  #ICAI_DENIES_SAFTEY  #Icai #icaiexams https://t.co/9qQHEImUBc""",HindochaMohit',"['ICAI_DENIES_SAFTEY', 'Icai', 'icaiexams']",45
19-11-2020 04:24,"""We are being mentally harassed by our beloved mother body @theicai. ICAI n their CCM don't give a f*** about their students. Personal benefits are more important than students.  #ICAI_DENIES_SAFTEY  #caexams  #icaiexams  #ICAI_DENIES_EQUALITY""",iamsurreal2',"['ICAI_DENIES_SAFTEY', 'caexams', 'icaiexams', 'ICAI_DENIES_EQUALITY']",12
19-11-2020 15:54,@republic Shalokaa from sanskrit: Little knowledge is dangerous. Well said Arnab. Which report this representative Mona darling is pointing to? She lies so confidently on the LIVE TV.  #IndiaStrikesPak',Nature__3',['IndiaStrikesPak'],43
19-11-2020 15:54,"""#IndiaStrikesPak A rogue country, 1/6th of India's size, is getting on our nerves many times. It needs befitting and stronger strikes to make it understand India's power and potential.""",SatyendraKTyagi',['IndiaStrikesPak'],17
19-11-2020 15:54,#Indiastrikespak The forces can give the #Pak manufactured medicine found on the #Jaish truck as #Saboot to the lobby',viswanathauthor',"['Indiastrikespak', 'Pak', 'Jaish', 'Saboot']",47
19-11-2020 15:54,Blessings to our Indian Army. #IndiaStrikesPak',RajeshPinto11',['IndiaStrikesPak'],0
19-11-2020 15:54,It\xe2\x80\x99s just a beginning from Indian army great work Indian army #IndiaStrikesPak',jass_kukreja',['IndiaStrikesPak'],155
19-11-2020 15:54,Gaurav ending pak fads like king  #IndiaStrikesPak',glossyvife',['IndiaStrikesPak'],178
19-11-2020 15:54,"Arnab Sir I know you are extremely very conscious &amp; intelligent person but being your well wisher &amp; admirer I am concerned about your health, plz reduce the number of debates &amp; take care of yourself, do yoga &amp; plz go for regular check up.  #IndiaStrikesPak @republic  @pradip103'",yugankika',['IndiaStrikesPak'],544
19-11-2020 15:54,"""How's The Dead Jaish? Imran Must Answer. #IndiaStrikesPak""",TheBabyDriverr',['IndiaStrikesPak'],60
19-11-2020 15:54,#IndiaStrikesPak. Pak will say GEM Terrorists?',Visalmama',['IndiaStrikesPak'],310
19-11-2020 15:54,@republic Pakistan has to paid through nose for their misdeeds against India #IndiaStrikesPak',vikramvetz',['IndiaStrikesPak'],17
19-11-2020 15:54,#IndiaStrikesPak  Mona!!! Always in denial and confused !!\xf0\x9f\x91\x8b\xf0\x9f\x98\x82\xf0\x9f\x98\x82  Arnab and Major\xf0\x9f\x92\xaf\xf0\x9f\x94\xa5',NeHaReNaViKaR',['IndiaStrikesPak'],288
19-11-2020 15:54,pakistan have money for terrorists but don\xe2\x80\x99t have money to feed its citizens #IndiaStrikesPak',Jaganna95468593',['IndiaStrikesPak'],48
19-11-2020 15:54,Now you know where you stand and where India better be in your limits #IndiaStrikesPak',MayaMehtaji',['IndiaStrikesPak'],216
19-11-2020 15:54,"@rashtrapatibhvn  @PMOIndia @HMOIndia @narendramodi @AmitShah @myogiadityanath @ShivrajSinghMP @mlkhattar @rawnksood @vivekagnihotri @KanganaTeam @OfficeofVa @republicbharat #IndiaStrikesPak Nagrota To PoK Launchpads, Pakistan Gets A Bloody Nose https://t.co/AqeJwZG6cw'",MANASDE02731125',['IndiaStrikesPak'],3
19-11-2020 15:54,#IndiaStrikesPak Mona jhooth to convince hoke bola kar\xf0\x9f\x98\x82\xf0\x9f\x98\x82\xf0\x9f\x98\x82\xf0\x9f\x98\x82\xf0\x9f\x98\x82',Shado13677128',['IndiaStrikesPak'],78
19-11-2020 15:53,"""#IndiaStrikesPak some states ban crackers on diwali, but our Indian Army doesn't disappoint us. Jai hind""",jadhav_santoshp',['IndiaStrikesPak'],67
19-11-2020 15:53,"""#IndiaStrikesPak Now it's time to get back PoK from Pakistan. PM @narendramodi should rectify yet another blunders of first PM Jawaharlal Nehru. Hope he'll do it soon.""",ArvindVishwak10',['IndiaStrikesPak'],713
19-11-2020 15:53,"""How's The Dead Jaish? Bajwa Must Answer. #IndiaStrikesPak""",TheBabyDriverr',['IndiaStrikesPak'],60
19-11-2020 15:53,#IndiaStrikesPak Mona is funny. Like naughty raut . \xf0\x9f\xa4\xa3',IAMLIZA01566536',['IndiaStrikesPak'],71
19-11-2020 15:53,#IndiaStrikesPak Pak can only fight proxy wars. Pak army cannot face brave Indian army.',Swami_65',['IndiaStrikesPak'],197
19-11-2020 15:53,#IndiaStrikesPak Poor @MonaAlamm is blasted by Arnab &amp; she talks about ANI when @smitaprakash is waiting 2 eat her Raw Just pity them How do U expect them 2 talk anything other than what they do best Deny Distract Dilute distract But nothing will impress R viewers They R njoying',SimpleNagrik',['IndiaStrikesPak'],564
19-11-2020 15:53,#IndiaStrikesPak. Pak view is always Terrorists view only!',Visalmama',['IndiaStrikesPak'],310
19-11-2020 15:53,Not only 4 Jaish e Mohammed terrorists were killed but also false hope of Tukde Tukde died today #IndiaStrikesPak',105Mishra',['IndiaStrikesPak'],368
19-11-2020 15:53,Am I the only one who is feeling that Arnab is not well today?  #airstrike #IndiaStrikesPAK',RuthlessIndia',"['airstrike', 'IndiaStrikesPAK']",179551
19-11-2020 15:53,"""#IndiaStrikesPak excellent Question @majorgauravarya why don't you send your Army. I have a premonition that their, Pak army is pissing in their uniforms at the thought of Brave Indian Bravehearts.""",smdrao',['IndiaStrikesPak'],366
19-11-2020 15:53,#IndiaStrikesPak @republic should stop inviting pakistaani trees to their debates.',Pd85219592',['IndiaStrikesPak'],8
19-11-2020 15:53,#IndiaStrikesPak Watch out Indians. Rahul Gandhi will now ask for proof.',MissionShravan',['IndiaStrikesPak'],2127
19-11-2020 15:53,#IndiaStrikesPak   Salute to Indian army .keep it up',shambhu58301607',['IndiaStrikesPak'],0
19-11-2020 15:53,Kudos to Indian Army for sucessfully eliminating 4 terrorists  #IndiaStrikesPak',abhi_675',['IndiaStrikesPak'],16
19-11-2020 15:53,#IndiaStrikesPak Unprecidented diwali gift from our Army',MohitRamBharga1',['IndiaStrikesPak'],172
19-11-2020 15:53,#IndiaStrikesPak with small tennis ball only https://t.co/p4uhisMdZN',HariharanRaman7',['IndiaStrikesPak'],12
19-11-2020 15:52,@republic Another surgical strike is very much needed to teach Pakistan a strict lesson.  #IndiaStrikesPak',ChandraNandi3',['IndiaStrikesPak'],20
19-11-2020 15:52,Mona cant even admit LMAOO  #IndiaStrikesPak',glossyvife',['IndiaStrikesPak'],178
19-11-2020 15:52,Pak will never accept today killed 04 JeM terrorist.  #IndiaStrikesPak',Prashant3085',['IndiaStrikesPak'],28
19-11-2020 15:52,"#IndiaStrikesPak Arnob ask napakis ""We have hit you. R u having guts to retaliate""?'",ArvindK56423552',['IndiaStrikesPak'],7
19-11-2020 15:52,#IndiaStrikesPak Today Pak must have realised the efficiency of  Indian forces in liquidating their terrorists.',VijayNakhasi',['IndiaStrikesPak'],941
19-11-2020 15:52,"@Ujla_Bhaalu No, not a war! It was a pinpoint strike on pak terrorists affiliated to JeM, in Nagrota! #IndiaStrikesPak'",SonakshiTweets2',['IndiaStrikesPak'],41
19-11-2020 15:52,India salutes the intelligence agencies and officers today for the  courageous action. #IndiaStrikesPak',itsmeaditiii',['IndiaStrikesPak'],11
19-11-2020 15:52,"#IndiaStrikesPak This proves ""Those crossing LoC won\'t survive"". Nation First!! No Compromise!! Jai Hind!'",vishalrajom',['IndiaStrikesPak'],74
19-11-2020 15:52,"Mona Alam from Pak is speechless after hearing questions by Arnab Goswami, and Major Gaurav Arya\xf0\x9f\x98\x82 #IndiaStrikesPak'",fopdoodlefutto1',['IndiaStrikesPak'],167
19-11-2020 15:52,"#IndiaStrikesPak Having found @sanofi pak made drugs with dead terrorists, Charge @sanofi as a party to terrorism and ban their existence in India. Let this b a lesson to all Pak associated MNCs.'",Ramanan16040188',['IndiaStrikesPak'],10
19-11-2020 15:52,#IndiaStrikesPak. Well done Indian Army.  Appreciate the tidy alertness.',Visalmama',['IndiaStrikesPak'],310
19-11-2020 15:52,Mona is confused #IndiaStrikesPak',meera_raichand',['IndiaStrikesPak'],645
19-11-2020 15:51,#IndiaStrikesPak Thrilling pics of Pak trucks blown off which coward Pak will disown.',gaurichauhan12',['IndiaStrikesPak'],43
19-11-2020 15:51,#indianairforce strikes again. #IndiaStrikesPak !!   Hammer #Pakistan hard !! The terror exporter should be punished hard each and every time till it stops #Terror #factory !!   #India will destroy all terrorists who think of attacking India.  More power to #Modi',kalpak007',"['indianairforce', 'IndiaStrikesPak', 'Pakistan', 'Terror', 'factory', 'India', 'Modi']",407
19-11-2020 15:51,"""These warnings won't work. #IndianArmy must take back #POK and #FreeBalochistan. Then only these terrorists understand whom they shouldn't mess with. #IndiaStrikesPak https://t.co/eWscg4CUha""",VoiceOfRC',"['IndianArmy', 'POK', 'FreeBalochistan', 'IndiaStrikesPak']",420
19-11-2020 15:51,#IndiaStrikesPak Jai Hind \xf0\x9f\x87\xae\xf0\x9f\x87\xb3\xe2\x9d\xa4\xef\xb8\x8f https://t.co/O609D33BsQ',meera_raichand',['IndiaStrikesPak'],645
19-11-2020 15:51,"""Gaurav to Pakistan's : How's the jaish?  Arnab to Pakistan's : *correcting* How's the dead Jaish?   #IndiaStrikesPak""",glossyvife',['IndiaStrikesPak'],178
19-11-2020 15:51,#IndiaStrikesPak Happy Deepavali once more!',dyutiinfinity11',['IndiaStrikesPak'],6
19-11-2020 15:51,"1st surgical strike, 2nd Air stike and now Pinpoint stole by our artillery. Great #IndiaStrikesPak'",priyankooo',['IndiaStrikesPak'],1047
19-11-2020 15:51,#IndiaStrikesPak gud to see',jaya_bakshi',['IndiaStrikesPak'],1650
19-11-2020 15:51,"""Keep sending them to 72 hoors. There's their home. Welldone #IndianArmedForces  #IndiaStrikesPak""",Netaji_NathuRam',"['IndianArmedForces', 'IndiaStrikesPak']",752
19-11-2020 15:51,#IndiaStrikesPak Get ready for more from our forces shameless Pak....this is new India  every action will have a bloody reaction!!!',Pradeep00258254',['IndiaStrikesPak'],1
19-11-2020 15:51,Pak is very poor in resources  wasting money on most unproductive expenditure on terrorists. achieves no purpose more so with present Indian administration   #IndiaStrikesPak',kavirayani_r',['IndiaStrikesPak'],37
19-11-2020 15:51,Welcome to new india where all Pak sponsored terrorist welcomed with bullets &amp; bombs &amp; finally reaches to hell.  #IndiaStrikesPak',Prashant3085',['IndiaStrikesPak'],28
19-11-2020 15:50,#IndiaStrikesPak You have been paid by ISI \xf0\x9f\x98\x82\xf0\x9f\x91\x8b\xf0\x9f\x91\x8b',NeHaReNaViKaR',['IndiaStrikesPak'],288
19-11-2020 15:50,"""How much shameless these panelists of Pak should be to show a smile when their nation army is shamed by the terrorists they trained by being disgraced by Indian army and it's govt by eliminating their cowardly face ,the terrorists. Utter shame in eyes of globe.#IndiaStrikesPak""",bhangurachar',['IndiaStrikesPak'],14
19-11-2020 15:50,Our Forces are the one which Protects Kashmiris from Terrorism. Shame on Gupkar Gang for putting Zip on their Mouth.  #IndiaStrikesPak',TheBabyDriverr',['IndiaStrikesPak'],60
19-11-2020 15:50,#IndiaStrikesPak This Shameless Nation will never stop.Keep breaking them everytime harder than before.',ChandraG2961',['IndiaStrikesPak'],983
19-11-2020 15:50,#IndiaStrikesPak. Pak will always be in denial mood only?',Visalmama',['IndiaStrikesPak'],310
19-11-2020 15:50,@republic These so called representatives like Mona darling etc. on the debate platform are being paid to support terror causing terrorists. And they are doing it so shamelessly. It must be very shameful to represent traitors and terrorists.  #IndiaStrikesPak',Nature__3',['IndiaStrikesPak'],43
19-11-2020 15:50,"""#IndiaStrikesPak Pakistanis journalist, Colonel r so shameless dat still defending themselves. It's Modiji govt n Indian army r very strong n dey will not spare a single terrorist.  @republic @Republic_Bharat""",itsShilpiS',['IndiaStrikesPak'],78
19-11-2020 15:50,"This is not only strike on Pakistan but also on the hearts of Anti-Nationals, liberals, tukde-tukde gang.  I\xe2\x80\x99m eagerly waiting for #GupkarGang reaction after this, thay may blame for polarisation of votes. #IndiaStrikesPak https://t.co/NTaKierjT6'",CA_AshutoshSoni',"['GupkarGang', 'IndiaStrikesPak']",1828
19-11-2020 15:50,No one can harm india as long as modiji is our Prime minister #IndiaStrikesPak',MayaMehtaji',['IndiaStrikesPak'],216
19-11-2020 15:50,the army has been killing terrorists up north and everywhere before your career began   #IndiaStrikesPak #RepublicTV',weirocracy',"['IndiaStrikesPak', 'RepublicTV']",213
19-11-2020 15:50,"#IndiaStrikesPak There is no place for terrorists in India,they will be mercilessly killed here.'",VijayNakhasi',['IndiaStrikesPak'],941
19-11-2020 15:49,@meera_raichand He is on flames..\xf0\x9f\x98\x8d Arnab has risen from the ashes. Proud of Arnab that he is roaring despite all the attacks  #IndiaStrikesPak',fopdoodlefutto1',['IndiaStrikesPak'],167
19-11-2020 15:49,Howz the Jaish?????  #IndiaStrikesPak https://t.co/04QEd8YXWo',sayantighosh09',['IndiaStrikesPak'],183
19-11-2020 15:49,"""Pakistan should understand that it's a New India. We don't believe in papers. New India will strike straightway. #IndiaStrikesPak""",TheBabyDriverr',['IndiaStrikesPak'],60
19-11-2020 15:49,Why Arnab invites Pakistanis on the debates ...is beyond me. @republic   #IndiaStrikesPak Everyone sitting there insulting &amp; screaming at each other...',lotusprings',['IndiaStrikesPak'],1630
19-11-2020 15:49,They always did and always will #IndiaStrikesPak https://t.co/9csX4ptWeR',meera_raichand',['IndiaStrikesPak'],645
19-11-2020 15:49,#IndiaStrikesPak. What is there for Pak view?!',Visalmama',['IndiaStrikesPak'],310
19-11-2020 15:49,@republic @majorgauravarya The sound of the blast was like a musical note to my ears! #IndiaStrikesPak',SonakshiTweets2',['IndiaStrikesPak'],41
19-11-2020 15:49,"""#IndiaStrikesPak No matter how much Pakistan lives in deniability but once inflitrators enter into our territory they won't come back for sure.""",MohitRamBharga1',['IndiaStrikesPak'],172
19-11-2020 15:49,"#IndiaStrikesPak | We have warned Pakistan twice, after we did the surgical strike they were quiet for 3 months. After Balakote they kept quiet for a year. They will get it back across the LoC: Maj Gen G D Bakshi (Retd), Defence Expert https://t.co/1S6UkUEGZN'",republic',['IndiaStrikesPak'],2262605
19-11-2020 15:49,"#IndiaStrikesPak  Pakistanis kill Indians mercilessly. Jaish E Mohammed organisation is loaded with ,hate &amp;revenge &amp;fury &amp; rage &amp;anger. Ultimate target ,is to establish Caliphate. Can Idol worshippers , survive these attack from ,Jaish E Mohammed. My gratitude to Indian soldiers.'",vindkum',['IndiaStrikesPak'],83
19-11-2020 15:49,"""#IndiaStrikesPak | How is the Jaish? Why don't you send your army? You depend on terrorists to do your dirty fighting, why don't you do it?: @majorgauravarya - Consulting Editor, Strategic Affairs https://t.co/RZHKU3fdmK""",republic',['IndiaStrikesPak'],2262605
19-11-2020 15:49,@republic Indian strike on pak to be called  so far so good #IndiaStrikesPak',vikramvetz',['IndiaStrikesPak'],17
19-11-2020 15:49,#IndiaStrikesPak surgical strike shud involve killing of pakistani soldiers too.',vimal_sky',['IndiaStrikesPak'],88
19-11-2020 15:49,"""Pak, You can't handle our medium range artillery fire, what if we use missiles! #IndiaStrikesPak""",priyankooo',['IndiaStrikesPak'],1047
19-11-2020 15:49,Indian army rocks since 1971 #IndiaStrikesPak https://t.co/yCGnrCiIO6',SalunkhePauras',['IndiaStrikesPak'],1
19-11-2020 15:48,The Gupkar gangs silence today is  wondering every Indian. #IndiaStrikesPak',itsmeaditiii',['IndiaStrikesPak'],11
19-11-2020 15:48,"""4 JeM terrorists have been gunned down. Salute the forces.\xf0\x9f\x87\xae\xf0\x9f\x87\xb3\xf0\x9f\x87\xae\xf0\x9f\x87\xb3  Now let's ask them, How's The Jaish\xf0\x9f\x98\x82  @Ramakrishna_C_ @sanatanify #airstrike #indiastrikespak #indianairforce""",_Appar_',"['airstrike', 'indiastrikespak', 'indianairforce']",10
19-11-2020 15:48,#IndiaStrikesPak @majorgauravarya as always rocks!!\xf0\x9f\x91\x8f\xf0\x9f\x94\xa5\xf0\x9f\x94\xa5',NeHaReNaViKaR',['IndiaStrikesPak'],288
19-11-2020 15:48,#IndiaStrikesPak gud news',jaya_bakshi',['IndiaStrikesPak'],1650
19-11-2020 15:48,#IndiaStrikesPak. Indian Army talks and walks the talk.  \xf0\x9f\x91\x8f\xf0\x9f\x91\x8f',Visalmama',['IndiaStrikesPak'],310
19-11-2020 15:48,"""I would rather die than take Pakistani medicines"",  says Arnab to Colonel Azar of Pak Army #IndiaStrikesPak'",fopdoodlefutto1',['IndiaStrikesPak'],167
19-11-2020 15:48,Thank you Pakistan for giving us opportunity to burst crackers aftr Diwali also. #IndiaStrikesPak \xe2\x9c\xa8',VijayRoyalReddy',['IndiaStrikesPak'],38
19-11-2020 15:48,"#IndiaStrikesPak  one shell from #indianairforce and then, a series of blasts at the target point at Pok terror camp destroying entire Stock of terror ammunition ! Wah, bhai, Wah!'",pradeepgv',"['IndiaStrikesPak', 'indianairforce']",49
19-11-2020 15:48,"""Coward pakistani weirdo panelists couldn't even admit the airstrike and neither are denying it   #IndiaStrikesPak""",glossyvife',['IndiaStrikesPak'],178
19-11-2020 15:48,"""How's The Dead Jaish? Bajwa Must Answer. #IndiaStrikesPak""",TheBabyDriverr',['IndiaStrikesPak'],60
19-11-2020 15:48,@republic The sound of the blast was like a musical note to my ears! #IndiaStrikesPak',SonakshiTweets2',['IndiaStrikesPak'],41
19-11-2020 15:48,#IndiaStrikesPak  The Pakistani guests give an impression about Muslims in Pakistan.  Telling lies and offering Namaz 5 tmes will not go hand in hand &amp; be sure Allah will  punish all Pak rulers and fry them in fire',BALALEELA',['IndiaStrikesPak'],198
19-11-2020 15:48,Indian army again sent 04 JeM terrorist to their 72 hoors in the hell today.  #IndiaStrikesPak',Prashant3085',['IndiaStrikesPak'],28
19-11-2020 15:48,Pakistan always play this cryptic game of hide and seek and Rahul Gandhi will never blame Pakistan . #IndiaStrikesPak',AkshayPradhanAP',['IndiaStrikesPak'],10
19-11-2020 15:48,"@republic They are acting like sneaky squirrels. Instead of working on the developmental infrastructure in their own country, they are always trying to look for causing terror in India. This is quiet shameful. This is not going to end good for Pakistan.  #IndiaStrikesPak'",Nature__3',['IndiaStrikesPak'],43
19-11-2020 15:48,#IndiaStrikesPak. Confiscated arms and ammunition will be useful for Indian Army!',Visalmama',['IndiaStrikesPak'],310
19-11-2020 15:48,@republic #IndiaStrikesPak    India must take stern action against Pak to eliminate extremists many times than casualties in Indian side.',SKB57101473',['IndiaStrikesPak'],5
19-11-2020 15:48,#IndiaStrikesPak Pak needs to follow our loud and clear message that no terrorist will be allowed to go back to pak.',VijayNakhasi',['IndiaStrikesPak'],941
19-11-2020 15:48,#IndiaStrikesPak Jai Hind https://t.co/RHZ0xp6Zbg',BhimjiHarsh',['IndiaStrikesPak'],167
