timestamp,tweet_text,username,all_hashtags,followers_count
2020-11-19 15:44:30,b'Arvind kejriwal is national shame.  Has put our loved ones in danger. #Delhicorona https://t.co/SjxNnxNMh2',b'CentreRight4',['Delhicorona'],353
2020-11-19 15:29:55,"b""Will #aap pay a fine for not being able to 'control' the virus transmission, or are fines only meant for the people? #Delhicorona #DelhiAirQuality https://t.co/MppwDjYiGc""",b'kartikeysehgal',"['aap', 'Delhicorona', 'DelhiAirQuality']",85
2020-11-19 15:29:03,"b'@ArvindKejriwal Thanks to the delhi gvt team, Doctors, Mcd teams &amp; every ground person who dedicatedly helps &amp; support every covid person in home isolation   #coronavirus #Covid #COVID19 #DelhiFightsCorona #delhi #Delhicorona    https://t.co/RA2srvpHcy'",b'chadhashiva',"['coronavirus', 'Covid', 'COVID19', 'DelhiFightsCorona', 'delhi', 'Delhicorona']",352
2020-11-19 15:25:47,"b""OMG! It's principally #Punjab #stubbleburning  @capt_amarinder @PunjabGovtIndia @BJP4Punjab @CMOPb  Shame on @INCIndia @RahulGandhi for \xf0\x9f\xa4\x90 #AirPollution #DelhiAirQuality promotes #Delhicorona fatality #congresssinkingship  @KapilSibal  @hjethva05 @sunitanar @ndtv @vikramchandra https://t.co/1aaItuq6WS""",b'eagle_mist',"['Punjab', 'stubbleburning', 'AirPollution', 'DelhiAirQuality', 'Delhicorona', 'congresssinkingship']",242
2020-11-19 15:22:32,"b""#CoronavirusIndia #Delhicorona Guys, we are on our own. Take precautions; there is no space in govt hospitals. Pvt. Hospitals demand a huge deposit.   Stay at home. That's the best place to stay safe. Wash your hands regularly. Wear a mask. Maintain distance! @ArvindKejriwal""",b'Kuldeep9Sharma',"['CoronavirusIndia', 'Delhicorona']",2909
2020-11-19 15:19:42,"b'#DelhiHighCourt slammed #ArvindKejriwal Govt, in reaction he announced to torture people of #Delhi by imposing fine of 2000/-. #Delhicorona only a money minting opportunity for incompetent, corrupt Kejri gang. https://t.co/dCH2ZtbaBD'",b'youth4bjp',"['DelhiHighCourt', 'ArvindKejriwal', 'Delhi', 'Delhicorona']",7950
2020-11-19 15:13:24,"b'Covid19 has taken a very serious turn in Delhi.  A death in every 10-15 minutes is being reported in Delhi due to Covid19.  Thank you, Shri @ArvindKejriwal.  #Delhicorona'",b'vishnuguptuvach',['Delhicorona'],3803
2020-11-19 15:06:27,b'@ArvindKejriwal #Delhicorona out of control #Delhicorona_out_of_control',b'DrVivekSharma89',"['Delhicorona', 'Delhicorona_out_of_control']",105
2020-11-19 15:02:17,"b'The Akshardham Nautanki on 14th Nov, is responsible for the Spike in #Delhicorona cases, @ArvindKejriwal must resign immediately  ....  https://t.co/jQusZiGI7b'",b'DARKMATTER1008',['Delhicorona'],4230
2020-11-19 14:54:28,"b'You sack Govts of #Delhi, Rajasthan, Kerala and Uttar Pradesh for 3 months, no need to throw, leave Assembly, in 3 months these people to be again CMs, but to stop circulation of #coronavirus you need to take Western UP,Delhi, Rajasthan and Kerala in your hands! #Delhicorona'",b'umakantsingh_IN',"['Delhi', 'coronavirus', 'Delhicorona']",557
2020-11-19 14:51:30,b'If there is anything I would remember for the rest of my life is this \xf0\x9f\x91\x87 The sheer stupidity of the indian bureaucracy \xf0\x9f\x98\x8f Like people wear space suits in the mornings...#Delhicorona  Ahmedabad Imposes Night Curfew From 9 pm To 6 am Amid Rising Covid Cases https://t.co/jOxAicG1p1',b'twO4duB9cMfNBuq',['Delhicorona'],1
2020-11-19 14:51:02,"b""Let's not risk other's life just because you think you're immune enough. DO NOT LEAVE YOUR HOUSE UNTIL IT'S NECESSARY. Delhi has registered 8.5K cases in a day. If this doesn't make you aware idk what will.  #COVID19 #Ahmedabadcurfew #Delhicorona""",b'notsodeeeeep',"['COVID19', 'Ahmedabadcurfew', 'Delhicorona']",80
2020-11-19 14:50:55,"b'@ArvindKejriwal @SatyendarJain @DelhiPolice @CPDelhi Respected all, people are not wearing masks specially in the streets. People gather in grps of 4 or 5 for gossiping and none of them wear mask. This is becoming source of spread #Delhicorona. This is in ref. to Paharganj'",b'JainNahush',['Delhicorona'],92
2020-11-19 14:39:27,"b'RIP Social Distancing, RIP Mask... #DelhiModel #Delhicorona  @ArvindKejriwal https://t.co/LvWN5pRAkX'",b'dentist_so',"['DelhiModel', 'Delhicorona']",35
2020-11-19 14:36:52,b'Delhi government directs 42 private hospitals to reserve 80% of their total ICU/HDU bed capacity for treatment of #COVID19 patients with immediate effect. #Delhicorona #Kejriwal',b'Mohitahuja30',"['COVID19', 'Delhicorona', 'Kejriwal']",329
2020-11-19 14:14:49,b'Must be the data is manipulated.. #COVID19 #Covid_19 #Delhicorona https://t.co/cwAYNmWWm5',b'SeeMayanks',"['COVID19', 'Covid_19', 'Delhicorona']",43
2020-11-19 14:14:03,b'See if anyone can be benefitted.  #COVID19 #delhiCorona https://t.co/P569nxK5pk',b'pulkitthisis',"['COVID19', 'delhiCorona']",759
2020-11-19 14:06:51,"b'Horror situation in Delhi (poster government), must watch video issued by Bhagat Singh Seva Dal.  #Delhicorona #Delhi  @BJP4Delhi  @BJP4India https://t.co/FOLGpRkBSZ'",b'Rajendrahsingh',"['Delhicorona', 'Delhi']",158
2020-11-19 14:00:33,b'Le Delhi Wale To Corona &amp; Air Pollution Now- #delhicorona #DelhiAirQuality #DelhiCapitals #DelhiPolice #Aircraft #Airdrop #bigbreaking #aap #BJP #boycottzomato #BoycottBingo #1in50Million https://t.co/H6cq2gTFvu',b'Shashwa12850171',"['delhicorona', 'DelhiAirQuality', 'DelhiCapitals', 'DelhiPolice', 'Aircraft', 'Airdrop', 'bigbreaking', 'aap', 'BJP', 'boycottzomato', 'BoycottBingo', '1in50Million']",9
2020-11-19 13:55:12,b'#Delhicorona Please :( https://t.co/9ag3tL7Xd5',b'ankitknewit',['Delhicorona'],11
2020-11-19 13:50:08,"b'@amarDgreat @ArvindKejriwal The crores he is spending everyday on  his  useless ads  for his \xe0\xa4\x9a\xe0\xa5\x87\xe0\xa4\xb9\xe0\xa4\xb0\xe0\xa4\xbe \xe0\xa4\x9a\xe0\xa4\xae\xe0\xa4\x95\xe0\xa4\xbe\xe0\xa4\x93 ,  can b used 4 buying ventilators &amp;  arranging beds  for Covid patients!  But no - Neither capability nor intent !    #Delhicorona'",b'VRspeaking',['Delhicorona'],17
2020-11-19 13:37:28,b'Cornavirus nhi hai bussniess or looot hai cornvirus ke aginst itne porrtest ho rhe hai Europe  #Delhicorona',b'Anand67003541',['Delhicorona'],0
2020-11-19 13:05:33,"b""#Delhicorona   Now the day is not far when we will have to face the Lockdown again  Cases are increasing !!!  @ICMRDELHI  are you sure other states and UT's are safe ? I find testing going back to August scale! @venkysplace  https://t.co/Bxv1OKxBE5""",b'venkysplace',['Delhicorona'],42
2020-11-19 13:01:45,"b""@DeepalTrevedie I don't understand the concept. Why we focusing on beds rather than taking the preventive actions to stop the community spread!! Please correct me if im wrong. @AtishiAAP #coronavirus #CoronaVirusUpdates #CovidVaccine #Delhicorona https://t.co/mviVC4wD3k""",b'Ranjhana786',"['coronavirus', 'CoronaVirusUpdates', 'CovidVaccine', 'Delhicorona']",2
2020-11-19 12:58:24,b'Now Delhiites will wear the mask just like they wear the helmets  ~  To save themselves from the fine Rs. 2000 now onwards !!    #COVID19 #Delhicorona #mask https://t.co/e2aWnjdsmb',b'Ganibhai108',"['COVID19', 'Delhicorona', 'mask']",43
2020-11-19 12:40:31,b'#Delhicorona cases rises day by day. Why not #AAP provide good facilities to all Delhians?.',b'its_IAK',"['Delhicorona', 'AAP']",197
2020-11-19 12:32:41,b'@ANI #delhicorona ...In Ahmedabad cases are increasing day by day and hence Ahmedabad corporation imposed night curfew from 9pm to 6 pm from 20 nov 20...',b'bagadia_malav',['delhicorona'],17
2020-11-19 12:31:53,b'#Delhicorona #boycottzomato #InternationalMensDay #UnMuteTheKids #WorldToiletDay #RepublicRoar4SSR #BicchooKaKhel #COVID19 #Fleets #thursdayvibes  An App for Intelligent Members https://t.co/kEp0jeWdIK https://t.co/Q7lYKU0SgR',b'MemelandApp',"['Delhicorona', 'boycottzomato', 'InternationalMensDay', 'UnMuteTheKids', 'WorldToiletDay', 'RepublicRoar4SSR', 'BicchooKaKhel', 'COVID19', 'Fleets', 'thursdayvibes']",6
2020-11-19 12:28:31,"b""There's fine for not wearing a mask, but who's going to watch? two crores citizens! Seriously that's why I'm telling Delhi Needs Saa\xe0\xa4\xb0\xe0\xa5\x8d\xe0\xa4\xa5\xe0\xa5\x80 @ArvindKejriwal @Minister_Edu @SatyendarJain @SanjayAzadSln @AAPDelhi @rakhibirla @AAPExpress @LtGovDelhi #CovidVaccine #COVID19 #Delhicorona https://t.co/L2XBbGVLSc""",b'Ranjhana786',"['CovidVaccine', 'COVID19', 'Delhicorona']",2
2020-11-19 12:26:53,"b""#Delhicorona Rising cases in Delhi is not the mistake and failure of kejriwal. It's the fault of people's too. Why people's are not wearing masks and obey social distancing. Some foolish people's are saying that God will save them from corona so no mask. What's this mentality \xf0\x9f\x98\xa0""",b'Khushal37465711',['Delhicorona'],5
2020-11-19 12:15:00,"b'The fine of Rs 2,000 for not wearing masks in Delhi, including in your car, has been increased from the previous Rs 500  https://t.co/jQkRzXlkga #Delhicorona @AamAadmiParty @ArvindKejriwal'",b'HTAutotweets',['Delhicorona'],2748
2020-11-19 12:13:58,"b'There is no doubt in saying that @AamAadmiParty has failed in controlling #Delhicorona there van be many reasons but the most important one is not setting up of proper rules at proper time,  they open when they should be close,and close at the time of opening'",b'cifarshayar',['Delhicorona'],1112
2020-11-19 12:10:31,b'@DelhiPolice plz fine this Anachrist first .. He is Biggest Advertisement himself of not Masking up. #Delhicorona #DelhiFightsCorona https://t.co/fOA90Rj87j',b'mkghazipuri',"['Delhicorona', 'DelhiFightsCorona']",1870
2020-11-19 11:54:24,"b""@AAPDelhi Why don't you implement the fine 5 times i.e. 10000 if some adiyal netas , sarkari karmchari and warriors dont wear it. Like you said a car is not a private space hence CM office is also not , ready for frst fine ? #COVID19 #Delhicorona #mask""",b'daljeeto2',"['COVID19', 'Delhicorona', 'mask']",23
2020-11-19 11:51:49,"b""And The Pollution Is Coming From Haryana And UP Why Don't We Blame The UP And Haryana. Delhi Trying His Best To Recover From The Covid-19 @ArvindKejriwal #Delhicorona #DelhiAirQuality #AAPatWork""",b'anurag_1406',"['Delhicorona', 'DelhiAirQuality', 'AAPatWork']",21
2020-11-19 11:45:02,"b'FYI : The Delhi government has increased the fine from Rs 500 to Rs 2,000 for not wearing a mask.  #Delhicorona #fightagainstcorona  #Rafi_official_1 #Covid_19 @Abhishekjha0786 #todaybreaking'",b'Rafi_official_1',"['Delhicorona', 'fightagainstcorona', 'Rafi_official_1', 'Covid_19', 'todaybreaking']",2
2020-11-19 11:42:15,"b""One thing is clear neither #COVID19 is ready to go nor Politics is going to understand Delhites needs #Delhicorona has started it's 2nd inning still state and central governments are talking about arrangements of ICU's, beds, medical staffs!! what were both doing since March? \xf0\x9f\xa4\x94""",b'paramendramohan',"['COVID19', 'Delhicorona']",292
2020-11-19 11:40:35,"b'Delhi CM Arvind Kejriwal imposes heavy fine of Rs 2000 on anyone who is not wearing a mask. Welcome step.  So, when will #ArvindKejriwal pay his fines?  @AamAadmiParty @AAPDelhi @ArvindKejriwal   #Delhicorona #Delhi #DelhiLockdown #COVID19 #CoronaVirusUpdates #Corona #delhicovid https://t.co/URj8KZExYM https://t.co/dEGVaeqIIx'",b'sunnysingh695',"['ArvindKejriwal', 'Delhicorona', 'Delhi', 'DelhiLockdown', 'COVID19', 'CoronaVirusUpdates', 'Corona', 'delhicovid']",161
2020-11-19 11:39:14,"b'Corona cases increasing, pollution is always on rise, women safety is a big question.  When will Delhi ppl get relief from these? Govt be like\xf0\x9f\x91\x87  #Delhicorona #DelhiLockdown #pollution #delhi @ArvindKejriwal https://t.co/T61LPgneIx'",b'AnushreePainuly',"['Delhicorona', 'DelhiLockdown', 'pollution', 'delhi']",557
2020-11-19 11:34:15,"b'@ArvindKejriwal @SatyendarJain @AamAadmiParty @AAPDelhi @msisodia @CMODelhi @DelhiVsCorona   Thanks 2 d team of Delhi govt, Doctors &amp; MCd team 4 all ur support during my covid period, especially mental support &amp; tips.   #Corona #DelhiFightsCorona #Delhicorona #COVID19 #COVID\xe3\x83\xbc19 https://t.co/RA2srv85NY'",b'chadhashiva',"['Corona', 'DelhiFightsCorona', 'Delhicorona', 'COVID19', 'COVIDー19']",352
2020-11-19 11:28:10,"b'Just month back Kejriwal was seeking another international award for #DelhiCoronaModel, now still the #Delhicorona talk of town, Delhi and Kerala with Rajasthan are incubator states of #Corona ;  Gross failure of both the central and Delhi Govts! Rs 500 Rs 2000'",b'umakantsingh_IN',"['DelhiCoronaModel', 'Delhicorona', 'Corona']",557
2020-11-19 11:25:07,"b""Wearing a mask is the most patriotic thing we can do right now.  Even if we aren't concerned about our own lives, we can help protect others.  It's a sign of respect to our Citizens, City &amp; Nation #Covid_19 #Delhicorona @NidhiKNDTV \xf0\x9f\x99\x8f\xf0\x9f\x8f\xbc""",b'AjaySinghArora1',"['Covid_19', 'Delhicorona']",6
2020-11-19 11:23:28,"b'Please @HDFCBank_Cares @HDFC_Bank I request to close my credit card. No more wanted your services. After spending more than 4Hrs I was fortunate to connect with your world class CS &amp; they told me 2 pay the 4 closure amount of 47,773 which already paid. #Delhicorona #1in50Million https://t.co/2oETJJQASq'",b'seinmenschlich',"['Delhicorona', '1in50Million']",1
2020-11-19 11:21:19,"b""By increasing number of beds &amp; changing fine from \xe2\x82\xb9500 to \xe2\x82\xb92000 ,will they be able to control rise in #Corona cases? I guess increasing bed will surely help who are facing major health issue but what should have been focus was to make sure it doesn't spread more. #Delhicorona""",b'14Varun',"['Corona', 'Delhicorona']",189
2020-11-19 11:19:43,b'Kejriwal increased fine for not wearing mask from 500 \xe2\x82\xb9 to 2000 \xe2\x82\xb9  le public: #delhicorona  #Delhicorona https://t.co/17rtISWaVy',b'Simranlessly',"['delhicorona', 'Delhicorona']",92
2020-11-19 11:18:55,b'Now Delhiites will wear the mask just like they wear the helmets  ~  To save themselves from the fine Rs. 2000 now onwards !!    #COVID19 #Delhicorona #mask  #Delhicorona https://t.co/lIpJd249L0',b'Simranlessly',"['COVID19', 'Delhicorona', 'mask', 'Delhicorona']",92
2020-11-19 11:17:16,b'Delhi have 21% of total COVID deaths in country and DELHI govt increased fine for not wearing mask to 2000 from 500 . I am sure now COVID cases will decline ...... Lucky to have such leaders \xf0\x9f\x98\x82 #Delhicorona  #DelhiLockdown https://t.co/0V6I5GeQS1',b'naveens47422874',"['Delhicorona', 'DelhiLockdown']",8
2020-11-19 11:17:14,b'#Delhicorona  Cases are increasing !!!!!!   #Delhicorona https://t.co/wfgVBfONYA',b'Simranlessly',"['Delhicorona', 'Delhicorona']",92
2020-11-19 11:17:05,b'#Delhicorona @SatyendarJain @AamAadmiParty Shame on you guys. You call urselfves able.  https://t.co/zhrmlsu5uI',b'followSRaina',['Delhicorona'],45
2020-11-19 11:14:37,"b'Fine For Not Wearing Mask In Delhi Raised To \xe2\x82\xb92,000  #Facemask #Delhicorona #ArvindKejriwal  https://t.co/lO8U32IpCs'",b'LokMarg',"['Facemask', 'Delhicorona', 'ArvindKejriwal']",1490
2020-11-19 11:14:21,"b""@ArvindKejriwal  \xe0\xa4\xac\xe0\xa4\xbf\xe0\xa4\xa8\xe0\xa4\xbe mask \xe0\xa4\x95\xe0\xa5\x87 \xe0\xa5\xa8\xe0\xa5\xa6\xe0\xa5\xa6\xe0\xa5\xa6 \xe0\xa4\x95\xe0\xa4\xbe Fine is fine.  \xe0\xa4\xb2\xe0\xa5\x87\xe0\xa4\x95\xe0\xa4\xbf\xe0\xa4\xa8 non -availibility of N-95 masks is not so fine.  Kindly arrange masks for those who can't afford a new mask everyday.   #Delhigovernment  #Delhicorona #DelhiFightsCorona #MaskOn #CoronavirusIndia""",b'rishabh9tyagi',"['Delhigovernment', 'Delhicorona', 'DelhiFightsCorona', 'MaskOn', 'CoronavirusIndia']",15
2020-11-19 11:09:11,"b'Ready to pay the fine of Rs 2000 for not wearing the mask.\xf0\x9f\x98\xb3 Else, Wear mask and be Safe and keep others safe too from Corona virus.\xf0\x9f\x99\x8f #Delhi  #Delhicorona https://t.co/VVGcXXfNDE'",b'MauryaRaxl',"['Delhi', 'Delhicorona']",9
2020-11-19 11:09:04,b'Lock down start \xf0\x9f\xa4\xad\xf0\x9f\xa4\xad\xf0\x9f\x99\x88\xf0\x9f\x99\x88 #Delhicorona https://t.co/wlgtqE9u4n',b'GsDevil3',['Delhicorona'],140
2020-11-19 11:07:53,b'You can cringe over your decisions while overthinking when you are outdoors. Wear your mask. #CoronaVirusUpdates #Delhicorona  #WearAMask',b'DivyaKurava',"['CoronaVirusUpdates', 'Delhicorona', 'WearAMask']",9
2020-11-19 11:04:51,b'From Here to Here We have come a Long way. This is power of Your Vote.  #YogiAdityanath  #Delhicorona https://t.co/6NiHHbbHT9',b'vskutwal7',"['YogiAdityanath', 'Delhicorona']",745
2020-11-19 11:00:04,b'Wish @ArvindKejriwal was serious from May/June onwards. Situation has become very critical now.  #Delhicorona https://t.co/L9PtfohSzJ',b'amarDgreat',['Delhicorona'],1610
2020-11-19 11:00:03,"b'#Delhicorona DL vs UP Population: 3.05 CR vs 23.15 CR Confirmed Cases: 5.03L vs 5.16L Active C: 42,458 vs 21,954 Recovered C: 4,52,683 vs 4,87,221 Deceased: 7,943 vs 7,441 Tests Conducted: 55,90,654 vs 1,73,21,490  Yogiji didn\xe2\x80\x99t take help from Amit Shah twice.  And: \xf0\x9f\x91\x87 https://t.co/HhZJ80WCpn'",b'SanghiSharmajr',['Delhicorona'],34
2020-11-19 10:59:54,b'Pliss wear mask  #Delhicorona https://t.co/gN5jk3AGrf',b'SansPareilll',['Delhicorona'],138
2020-11-19 10:57:54,"b'@ReallySwara @AamAadmiParty #Delhi Govt. is extensively advertising its #Delhicorona  achievements, #DelhiAirQuality achievements in #Republic Network channels..  Would you stop using #DelhiGovt ?  #Zomato https://t.co/r2OlQP67M3'",b'Rappudada',"['Delhi', 'Delhicorona', 'DelhiAirQuality', 'Republic', 'DelhiGovt', 'Zomato']",2004
2020-11-19 10:57:38,b'#Delhicorona rising rising rising',b'Jainpankajkasan',['Delhicorona'],4235
2020-11-19 10:57:25,"b'Take care, Delhi! #Delhicorona \xf0\x9f\x99\x8f https://t.co/x9KKm714Qk'",b'MahimaK_k',['Delhicorona'],560
2020-11-19 10:55:11,b'Mask \xf0\x9f\x91\x87 Re-breath CO\xc2\xb2 constantly \xf0\x9f\x91\x87 Sensitive throat (itch) &amp; weak lungs \xf0\x9f\x91\x87 Ultimately affects immunity &amp; may cause bacterial pneumonia \xf0\x9f\x91\x87 Further affecting brain &amp; other body functions too \xf0\x9f\x91\x87 Rest fear will do now.  Congrats! You became a customer for Big Pharma.  #Delhicorona https://t.co/NwRr6jq8AX',b'newindia_in',['Delhicorona'],53
2020-11-19 10:49:59,b'People in #delhi dying no one cares #Delhicorona',b'Jainpankajkasan',"['delhi', 'Delhicorona']",4235
2020-11-19 10:48:40,b'#Delhicorona on #Kejriwal gone',b'Jainpankajkasan',"['Delhicorona', 'Kejriwal']",4235
2020-11-19 10:48:00,b'A short lockdown even a week needed to wake up #Delhi from slumber. Hammer &amp; dance approach. Presently only dance!  #Delhicorona @ArvinderSoin @ArvindKejriwal @GKangInd  You r dealing with a 2 crore population which defied a #FirecrackersBan !!!!! Get that! @VishnuNDTV @NCDCgov https://t.co/KLa1fCq680',b'eagle_mist',"['Delhi', 'Delhicorona', 'FirecrackersBan']",242
2020-11-19 10:47:20,b'imagine if cases was increased  in up then they must do politics .  #Delhicorona https://t.co/1OEbDDWYbL',b'memeskashowroo2',['Delhicorona'],7
2020-11-19 10:47:11,b'Carrom Board playing With the Help of Nose https://t.co/RHhCt3raEA via @YouTube #boycottzomato  #BoycottBingo  #No1_dubakoor_Modi  #1in50Million  #Delhicorona  #YourTimeIsUp  #YoutubeIndia  #YouTuber  #Gamail #TwitterOnTheMat  #COVID19  #nrc  #nrc\xe3\x81\xae\xe5\xa4\xa7\xe4\xba\xba\xe9\x81\x94\xe3\x82\x92\xe5\xa5\xbd\xe3\x81\x8d\xe3\x81\xaa\xe4\xba\xba\xe3\x81\xa8\xe7\xb9\x8b\xe3\x81\x8c\xe3\x82\x8a\xe3\x81\x9f\xe3\x81\x84',b'yousufpasha3',"['boycottzomato', 'BoycottBingo', 'No1_dubakoor_Modi', '1in50Million', 'Delhicorona', 'YourTimeIsUp', 'YoutubeIndia', 'YouTuber', 'Gamail', 'TwitterOnTheMat', 'COVID19', 'nrc', 'nrcの大人達を好きな人と繋がりたい']",5
2020-11-19 10:45:48,b'When it comes to him than No Politics rest he can do politics on anything. #Delhicorona https://t.co/4uuEaRfggW',b'HemantaPandit11',['Delhicorona'],43
2020-11-19 10:44:32,"b""I hope at least now the #AAPtards will understand!!! But I don't think this is ever going to happen coz IQ level of these people is very low!!!  @myogiadityanath #BJP #Delhicorona #JaiHind @BJP4India https://t.co/pk6CLUPO26""",b'HemantaPandit11',"['AAPtards', 'BJP', 'Delhicorona', 'JaiHind']",43
2020-11-19 10:44:16,b'Kejriwal increased fine for not wearing mask from 500 \xe2\x82\xb9 to 2000 \xe2\x82\xb9 le public: #delhicorona https://t.co/DxyC7N2ZUV',b'teslanolan',['delhicorona'],70
2020-11-19 10:43:29,"b'@DManujarch But there will be #COVIDIDIOTS still, who will continue to flout the rules, and spread the #covidvirus. #Delhicorona needs #strict compliance to rules.   AND self discipline.'",b'GreenlyYours',"['COVIDIDIOTS', 'covidvirus', 'Delhicorona', 'strict']",81
2020-11-19 10:42:38,b'CM office call recording  #ICAI_DENIES_SAFTEY #icaiexams #icai #Kejriwal #Delhi Dey r just doing formality https://t.co/jTdNjdLQzU  #Delhicorona',b'sultan_king09',"['ICAI_DENIES_SAFTEY', 'icaiexams', 'icai', 'Kejriwal', 'Delhi', 'Delhicorona']",7
2020-11-19 10:38:47,b'@BBCWorld @HarvardHealth @ndtv @sanket  Panic as citizens scurry to get beds ; anxiety at peak #Delhicorona . Deaths rising unabated while the common man party of Delhi (AAP) aam aadmi party ministers who came on plank of ending VIP culture strut around after COVID19 Treatment. https://t.co/oU0Z2mjYVI https://t.co/Z0CeJttlCJ',b'eagle_mist',['Delhicorona'],242
2020-11-19 10:36:30,b'@ArvindKejriwal And #Icai  will ensure that there is more than sufficient no. of student patients to utilise those beds #ICAI_DENIES_SAFTEY #Delhicorona Well done @ArvindKejriwal for not listening to #CA Students and making Delhi a Corona capital.@msisodia @drharshvardhan',b'AnkitAgg143',"['Icai', 'ICAI_DENIES_SAFTEY', 'Delhicorona', 'CA']",12
2020-11-19 10:35:27,b'There is NO NEED for any new normal if you are not under the illusion that EVERY DEATH IS A CORONA DEATH.  #Delhicorona https://t.co/TnTk8Aryou',b'newindia_in',['Delhicorona'],53
2020-11-19 10:32:10,b'No #lockdown for 20 + million #Delhi people who defy #firecrackersban amidst hazardous #DelhiAirQuality sending citizens into emergency room every #Diwali &amp; #Delhicorona !!!??  @soniandtv @BBCHindi @ShamikaRavi @INCDelhi @BJP4Delhi @THNewDelhi @VishnuNDTV @JagranNews @ndtv https://t.co/oU0Z2mjYVI',b'eagle_mist',"['lockdown', 'Delhi', 'firecrackersban', 'DelhiAirQuality', 'Diwali', 'Delhicorona']",242
2020-11-19 10:27:29,b'.#arvindkejriwal #dmrc #Delhicorona #Delhigovt @Sanjay_onair @thesuniltaneja Enclosed crowded metro coaches causing covid spread. Remove window panes.',b'MrinallChkrvrty',"['arvindkejriwal', 'dmrc', 'Delhicorona', 'Delhigovt']",3
2020-11-19 10:20:55,"b""@one_by_two Not that the Government's COVID plan is perfect....  ...but till people stop seeing the government as an enemy with whom you play hide and seek...  ...no mitigation plan on Earth can stop COVID infections from rising #COVID19  #COVIDIOTS  #Delhi  #Delhicorona  #CoronavirusIndia""",b'theanitasharma',"['COVID19', 'COVIDIOTS', 'Delhi', 'Delhicorona', 'CoronavirusIndia']",19
2020-11-19 10:18:34,b'#Delhicorona situation is getting bad to worse !! Probably  going towards another  lockdown  ..seriously  India in general  can not afford another lockdown',b'myrandommusing_',['Delhicorona'],157
2020-11-19 10:17:41,"b'19 Nov BSE CLOSED @ 43599.96 \xe2\x9d\x8c 580.09 Points &amp; NSE CLOSED @ 12771.70 \xe2\x9d\x8c 166.55 Points, BankNifty Closed 28903.05 \xe2\x9d\x8c 846.80 Points &amp; India VIX Closed 19.5700 \xe2\x9c\x85 0.3100 Points.  #ektakapoor  #SalmanKhanSong #1in50Million  #RakulPreetSingh  #SaifAliKhan  #Delhicorona'",b'Ja3r',"['ektakapoor', 'SalmanKhanSong', '1in50Million', 'RakulPreetSingh', 'SaifAliKhan', 'Delhicorona']",303
2020-11-19 10:16:02,"b""@nitingzb @ANI Real problem with this man- his using two national flags background- in too obvious an attempt to project himself as future PM! That's all !  Rest is immaterial!  He never had the capability, intent or will to serve ppl! &amp; he never hid it too!        #Delhicorona""",b'VRspeaking',['Delhicorona'],17
2020-11-19 10:15:38,b'#Delhicorona Good decision Rs 2k fine 4not wearing #mask ; must strictly enforce. All parties/entities plz refrain fm playing politics when/where ever #India has #health #crises  @ArvindKejriwal @SatyendarJain @RahulGandhi @drharshvardhan @AmitShah @PMOIndia https://t.co/Y0FlINMgWc',b'rachnaburman',"['Delhicorona', 'mask', 'India', 'health', 'crises']",7034
2020-11-19 10:14:26,b'@ArvindKejriwal Also appreciate people with Rs500/-(out of Rs2000/- fine for not wearing mask) who are catching the culprit. #FightWithCorona #Delhicorona #delhicovid',b'kshkaran2k',"['FightWithCorona', 'Delhicorona', 'delhicovid']",138
2020-11-19 10:13:35,"b'Y @narendramodi @AmitShah lockdown entire country when cases were jus less , Mask is ok but when ppl are walking , touching everything , corona can transmit hope govt will take few important step ,  #Delhicorona'",b'Pooja29904393',['Delhicorona'],99
2020-11-19 10:11:49,"b'This naxali type should resign , tahir hussain, pollution covid capital this farzi muffler man should resign  #Delhicorona'",b'Arjunsi71579550',['Delhicorona'],10
2020-11-19 10:10:42,"b'Few days emergency lockdown could help decrease spread , otherwise cold &amp; population will let corona only multiply , \xf0\x9f\xa4\x94\xf0\x9f\xa4\x94\xf0\x9f\xa4\x94  @narendramodi @AmitShah look into this matter , anyway economy is not going to revive but things are getting worse  #Delhicorona'",b'Pooja29904393',['Delhicorona'],99
2020-11-19 10:09:33,b'First learn how to wear a mask yourself tab Gyan pelna. #Delhicorona https://t.co/1t6xeVpB8I https://t.co/ReBodkUkJ4',b'thewanderborn',['Delhicorona'],1706
2020-11-19 10:09:05,b'#Delhicorona   Now anyone who does not wear a mask will be charged fine but it should have been done long ago. \xf0\x9f\xa4\x94\xf0\x9f\xa4\x94\xf0\x9f\x99\x84\xf0\x9f\x99\x84',b'DevaC777',['Delhicorona'],0
2020-11-19 10:06:32,"b'When there was 100 cases @narendramodi @AmitShah call for lockdown of entire country , when corona was not spread in country , now when in 24 hours almost 30,000+ cases is reported and cold increases spread, PPL are walking in streets, govt is waiting ,worse is Delhi #Delhicorona'",b'Pooja29904393',['Delhicorona'],99
2020-11-19 10:04:19,"b'Delights will be fined 2k for not wearing mask, @ArvindKejriwal making this announcement without mask. #Delhicorona https://t.co/9VngHAvElO'",b'prashantverma33',['Delhicorona'],97
2020-11-19 10:03:52,"b'Will only restricting wedding ceremony help control corona when PPL are walking in streets @AmitShah @narendramodi @ArvindKejriwal to somehow control spread atleast few days lockdown is now necessary , in Delhi &amp; few states , cold increases spread #Delhicorona'",b'Pooja29904393',['Delhicorona'],99
2020-11-19 10:02:31,"b""My ssc cpo19 PET test is on November 25th in delhi ncr and now after seeing delhi corona number rising #SSC released admit card, hw i will go when corona cases are at it's peak #Delhicorona  @ArvindKejriwal @PMOIndia @narendramodi_in @narendramodi #Delhicorona @myogiadityanath https://t.co/uensg30CgA""",b'KumarSh15488817',"['SSC', 'Delhicorona', 'Delhicorona']",5
2020-11-19 10:02:12,b'#Delhicorona  Cases are increasing !!!!!! https://t.co/dqUQZSd3Se',b'Anurag_meena120',['Delhicorona'],21
2020-11-19 10:01:42,"b'Delhi state recorded over 7,000+ new cases and 131 Covid deaths in the last 24 hours . @raghav_chadha please look into your AAP ruled  state Delhi before loitering around in Goa and giving talks to us . #corona #COVID19 #delhi #Delhicorona #delhicovid'",b'rudra_avatar',"['corona', 'COVID19', 'delhi', 'Delhicorona', 'delhicovid']",80
2020-11-19 10:00:40,"b'#Delhicorona @ArvindKejriwal ... ""market mein bhi follow nahi ho rahe "" .. .. then they go running to the centre for help ... useless #icaiexams https://t.co/wxVaKXIIgQ'",b'TOKYO73550930',"['Delhicorona', 'icaiexams']",4
2020-11-19 09:59:38,b'Delhi police right now #Delhicorona \xf0\x9f\x98\x82\xf0\x9f\x98\x82 https://t.co/6GNcMnUDTR',b'Aze_et',['Delhicorona'],1
2020-11-19 09:59:27,b'Scary thread \xf0\x9f\x91\x87 #Delhicorona https://t.co/D0oA0NnvJT',b'A2D2_',['Delhicorona'],6249
2020-11-19 09:58:59,"b'Maharashtra, Gujarat postpones 2021 board exams. Will CBSE exam will be postponed too? #Delhicorona #CBSE #cbseforstudents  https://t.co/P0V2bCDvAe'",b'ginni098',"['Delhicorona', 'CBSE', 'cbseforstudents']",114
2020-11-19 09:58:35,"b'Appeal to people not to celebrate Chhath at ponds, other water bodies; it may cause massive spread of COVID-19: Delhi CM Kejriwal  #Delhicorona https://t.co/wCVh1nSOua'",b'saveratimes',['Delhicorona'],10347
2020-11-19 09:57:29,b'Is Delhi heading towards another #lockdown? #Delhicorona',b'AnshuSh60144517',"['lockdown', 'Delhicorona']",84
